"budget","domgross","log_budget","log_domgross"
1.3e+07,25682380,16.3804599154258,17.0613157116193
4.5e+07,13414714,17.6221730477346,16.411862722196
2e+07,53107035,16.8112428315183,17.7878199633124
6.1e+07,75612460,17.9263844221376,18.1411316423841
4e+07,95020213,17.5043900120782,18.3696001953539
2.25e+08,38362475,19.2316109601687,17.4625903262318
9.2e+07,67349198,18.3372991350133,18.0254015528062
1.2e+07,15323921,16.3004172077523,16.5449256294775
1.3e+07,18007317,16.3804599154258,16.7062887332617
1.3e+08,60522097,18.6830450084199,17.9185190959867
4e+07,148430908,17.5043900120782,18.815630141944
2.5e+07,37304874,17.0343863828325,17.4346345463187
5e+07,19452138,17.7275335633924,16.7834675448668
1.8e+07,33345833,16.7058823158604,17.3224433749931
5.5e+07,107136417,17.8228437431967,18.4896135056328
3e+07,35266619,17.2167079396264,17.3784474371126
7.8e+07,119640264,18.1722193846539,18.5999999983434
7.6e+07,368065385,18.1462438982506,19.723771156981
5500000,24477704,15.5202586502027,17.0132732203601
1.2e+08,93050117,18.6030023007463,18.3486487984402
1.1e+08,61737191,18.5159909237567,17.9383970787567
1e+08,107518682,18.4206807439524,18.4931751764795
4e+07,57012977,17.5043900120782,17.8587894665534
7e+07,25213103,18.0640058000136,17.0428743776666
1.7e+07,54239856,16.6487239020205,17.8089265467256
1.6e+08,238679850,18.8906843731981,19.2906336721614
1.5e+08,393050114,18.8261458520605,19.7894476782434
1.4e+08,122523060,18.7571529805736,18.6238098151312
6e+07,46000903,17.9098551201864,17.6441715846955
3e+07,4167493,17.2167079396264,15.2428252139416
1.1e+08,271814796,18.5159909237567,19.4206314952858
8e+07,133668525,18.1975371926382,18.7108735992492
5e+07,55703475,17.7275335633924,17.8355530907432
2.3e+07,25000178,16.9510047738934,17.0343935028071
3.5e+07,134506920,17.3708586194537,18.7171262054968
5e+06,83586447,15.4249484703984,18.2413919476876
2e+08,408992272,19.1138279245123,19.829206818963
1.95e+08,65187603,19.088510116528,17.9927798707815
2.8e+07,28795985,17.1477150681395,17.1757465256655
2.8e+07,63914167,17.1477150681395,17.973051600565
3e+07,116632095,17.2167079396264,18.5745350512942
2e+06,8008161,14.5086577385242,15.8959717046702
1.5e+07,71628180,16.5235607590665,18.0869991299194
2.25e+08,291045518,19.2316109601687,19.4889902321475
1.2e+07,17482517,16.3004172077523,16.6767119109607
7.5e+07,117723989,18.1329986715006,18.5838533662464
1.2e+08,89107235,18.6030023007463,18.3053510900423
7e+07,98927592,18.0640058000136,18.4098987465604
2e+08,234770996,19.1138279245123,19.2741211118827
1.9e+08,101802906,19.0625346301248,18.4385492078422
2.6e+07,49875291,17.0736070959858,17.7250362677437
3.5e+07,17616641,17.3708586194537,16.6843545246577
1.5e+07,9177065,16.5235607590665,16.0322179947008
9e+07,68559554,18.3153202282945,18.0432133269818
4.6e+07,61002302,17.6441519544534,17.9264221591305
1.3e+08,33618855,18.6830450084199,17.3305976282559
8.4e+07,53262560,18.2463273568076,17.7907442032858
3.8e+07,42025135,17.4530967176907,17.5537784496274
3e+07,19316646,17.2167079396264,16.7764777691935
3.8e+07,26947624,17.4530967176907,17.1094056881674
2.8e+07,71399120,17.1477150681395,18.0837961023039
3.5e+07,82834332,17.3708586194537,18.2323531710982
3e+07,32172757,17.2167079396264,17.2866305965067
1.9e+08,228778661,19.0625346301248,19.2482655482603
2e+07,34341945,16.8112428315183,17.3518780513171
32500000,21819348,17.2967506473,16.8983076570795
1.9e+07,21345525,16.7599495371307,16.8763526737958
1.3e+07,51872378,16.3804599154258,17.7642969906594
2e+07,137400141,16.8112428315183,18.7384079639529
2.5e+07,16973715,17.0343863828325,16.6471765289855
1.35e+08,187168425,18.7207853364027,19.0475194379096
3e+07,36918811,17.2167079396264,17.4242317623133
2.6e+07,3254172,17.0736070959858,14.9954484233851
1.9e+08,144840419,19.0625346301248,18.7911431357048
1.03e+08,112200072,18.4502395461939,18.5357941927639
4.3e+07,159581587,17.5767106736578,18.8880658666502
2.5e+08,257397516,19.3369714758265,19.3661322027301
5e+07,26623701,17.7275335633924,17.0973123920713
1.3e+08,424088260,18.6830450084199,19.8654521519112
3.2e+07,22537881,17.281246460764,16.9307080515089
5.8e+07,44672764,17.8759535685107,17.6148745673935
4e+06,15179303,15.2018049190842,16.5354434131991
2.75e+08,89289910,19.4322816556308,18.3073990495413
6e+07,31165421,17.9098551201864,17.2548197368776
3e+06,64473115,14.9141228466324,17.9817588731663
1.1e+08,71017784,18.5159909237567,18.0784408825142
1500000,3491669,14.2209756660724,15.0658904033619
5e+06,21502690,15.4249484703984,16.8836886015506
1e+08,115702857,18.4206807439524,18.566535885031
1.15e+08,132556852,18.5604426863275,18.7025221830637
2e+07,26004851,16.8112428315183,17.0737936555055
3.2e+07,101470202,17.281246460764,18.4352757369895
1.7e+08,204674790,18.9513089950145,19.1369328872094
1.6e+07,2322593,16.5880992802041,14.6581947919255
1.35e+08,83028130,18.7207853364027,18.2346900240046
3e+07,66380662,17.2167079396264,18.0109163370898
3.7e+07,150394119,17.4264284706085,18.8287698663219
1.5e+08,73103784,18.8261458520605,18.1073906880861
1.9e+08,202359711,19.0625346301248,19.1255574192391
67500000,37519139,18.0276381558428,17.4403617340778
1.2e+07,70012847,16.3004172077523,18.0641893117458
9700000,6738954,16.0876364434736,15.7234152779665
4.9e+07,12816367,17.7073308560749,16.3662335839602
44500000,136025503,17.6109997471365,18.7283529481791
2.09e+08,65235400,19.1578448099291,17.993512824341
1800000,12795746,14.4032972228664,16.3646233299014
1200000,595018,13.9978321147582,13.296346936171
1.85e+08,237282182,19.0358663830426,19.2847606321983
5.5e+07,9489829,17.8228437431967,16.0657311514564
1e+06,18119640,13.8155105579643,16.7125069908321
1.2e+07,64575175,16.3004172077523,17.9833406069696
1.02e+08,27108272,18.4404833712485,17.1153494791261
2.5e+07,66528000,17.0343863828325,18.0131334696399
1e+08,162805434,18.4206807439524,18.908066389354
3.1e+07,93772375,17.2494977624494,18.3563808610051
3.9e+07,35287788,17.4790722040939,17.3790475130409
8.7e+07,165092266,18.2814186766189,18.9220150634564
8.5e+07,148313048,18.2581618144546,18.8148357870544
6e+07,80070736,17.9098551201864,18.1984210019636
3450000,687185,15.0538847890075,13.4403588217073
2.75e+08,73058679,19.4322816556308,18.1067734981387
1.5e+07,14945541,16.5235607590665,16.5199235524428
6.5e+07,148809770,17.9898978278599,18.81817933681
1.2e+08,124987022,18.6030023007463,18.6437204658765
6.5e+07,182207973,17.9898978278599,19.0206593014375
1.45e+08,216391482,18.7922443003848,19.1925997418698
2.15e+08,179020854,19.1861485860919,19.0030128598124
8.5e+07,64935167,18.2581618144546,17.9888998993256
1.6e+07,45512466,16.5880992802041,17.633496824418
8e+06,22549338,15.8949520996441,16.9312162664976
4.2e+07,26414527,17.5531801762476,17.0894246819277
5e+06,53900335,15.4249484703984,17.8026472510733
6e+07,56003051,17.9098551201864,17.8409167293582
2.5e+07,77267296,17.0343863828325,18.1627813451212
1.6e+07,12431792,16.5880992802041,16.3357676204329
1.7e+07,65001093,16.6487239020205,17.9899146431031
3.5e+07,20275446,17.3708586194537,16.8249211552577
6.5e+07,44806783,17.9898978278599,17.6178700921744
5.8e+07,49876377,17.8759535685107,17.7250580418157
1.45e+08,103412758,18.7922443003848,18.4542388973403
7e+07,38518613,18.0640058000136,17.466652136977
3.3e+07,17142080,17.3120181194308,16.6570468173301
750000,4010957,13.5278284855125,15.2045404241762
13500000,15024049,16.4182002434087,16.5251627418732
2e+07,17530219,16.8112428315183,16.6794367496887
2.1e+07,132092958,16.8600329956877,18.6990164599717
3e+06,48086903,14.9141228466324,17.6885204110969
2e+08,304360277,19.1138279245123,19.5337226793786
1.7e+08,155136755,18.9513089950145,18.8598175762168
1e+07,24397469,16.1180956509583,17.009989955375
5e+06,14124286,15.4249484703984,16.4634062850466
3.3e+07,35074677,17.3120181194308,17.3729899750722
60000,4917,11.0020998412042,8.50045386741194
5e+07,218665740,17.7275335633924,19.2030548204264
67500000,36931089,18.0276381558428,17.4245642746149
2.2e+08,262030663,19.2091381043166,19.3839720892285
6e+07,23385416,17.9098551201864,16.967623138165
2.75e+08,448139099,19.4322816556308,19.9206142310269
1e+06,53261944,13.8155105579643,17.7907326378717
6.5e+07,59650222,17.9898978278599,17.9040084282112
1e+08,85028192,18.4206807439524,18.2584934300523
2.5e+07,51580136,17.0343863828325,17.7586471950949
2.5e+08,303003568,19.3369714758265,19.5292551389819
8e+07,408010692,18.1975371926382,19.8268039379074
4e+07,19019882,17.5043900120782,16.7609954110665
1.5e+07,15634090,16.5235607590665,16.56496434443
37500000,16247159,17.4398514909406,16.6034286206861
5.5e+07,31051126,17.8228437431967,17.2511456297764
1.5e+07,21403519,16.5235607590665,16.8790659057258
136200000,292324737,18.7296349516797,19.4933758553067
8738320,125014030,15.9832285094755,18.6439365289681
5.5e+07,34353000,17.8228437431967,17.3521999090636
1.5e+07,54333290,16.5235607590665,17.8106476725566
6e+06,11494838,15.6072700271923,16.2574086229962
1.2e+07,91547205,16.3004172077523,18.3323652988536
21500000,16684352,16.8835634930979,16.6299818321344
1.25e+08,58877969,18.6438242952666,17.8909775379041
7e+07,62321039,18.0640058000136,17.9478096314032
32500000,17288155,17.2967506473,16.6655321428853
37500000,41152203,17.4398514909406,17.5327880194988
1.9e+07,5310554,16.7599495371307,15.4852067192261
1.5e+08,83670083,18.8261458520605,18.2423920402636
1.65e+08,189412677,18.9214560318649,19.0594386688945
52500000,95720716,17.7763237275619,18.3769453011269
2.8e+07,37053924,17.1477150681395,17.4278848150294
8e+06,35016118,15.8949520996441,17.3713190277352
2e+07,5702083,16.8112428315183,15.5563421046448
2e+07,35061031,16.8112428315183,17.3726008437563
175000,1321194,12.0725412529057,14.0940464311624
5e+06,17686929,15.4249484703984,16.6883364501611
8.5e+07,46462469,18.2581618144546,17.6541554263827
1.3e+07,1024175,16.3804599154258,13.8393979684176
1.9e+07,100292856,16.7599495371307,18.4236050240744
7e+07,83552429,18.0640058000136,18.2409848849948
1.7e+07,27865571,16.6487239020205,17.142902470432
4500000,200558,15.3195879547405,12.2088587607043
32500000,169106725,17.2967506473,18.9460405824453
1.4e+08,176654505,18.7571529805736,18.9897064338501
2e+08,191450875,19.1138279245123,19.070141806261
9e+05,454121,13.7101500423064,13.0261189613372
4e+07,36665854,17.5043900120782,17.4173564712066
2e+07,38264085,16.8112428315183,17.460022285749
6e+07,75658097,17.9098551201864,18.1417350248571
1e+07,749641,16.1180956509583,13.5273497042484
1.63e+08,100240551,18.909260758771,18.4230833653446
1.8e+07,52698535,16.7058823158604,17.7800982142637
3.7e+07,72286779,17.4264284706085,18.096151807337
5e+07,21302340,17.7275335633924,16.8743274838005
1.5e+07,35060689,16.5235607590665,17.3725910892894
1.25e+08,209837675,18.6438242952666,19.1618448135911
4e+07,42587643,17.5043900120782,17.5670746987385
2.4e+07,51802742,16.9935643883122,17.7629536401917
3e+07,18298649,17.2167079396264,16.7223377899498
2e+08,116601172,19.1138279245123,18.5742698832881
3.6e+07,45060734,17.3990294964204,17.6235217822276
3e+07,40259119,17.2167079396264,17.5108470951744
1.25e+08,381011219,18.6438242952666,19.7583393788517
2.3e+07,18942396,16.9510047738934,16.756913142473
7e+06,382946,15.7614207070196,12.8556492660554
1800000,841056,14.4032972228664,13.6424135241342
3e+06,703372,14.9141228466324,13.4636411915763
6.3e+07,108085305,17.9586452843558,18.4984313344235
3.5e+07,117538559,17.3708586194537,18.5822769994173
1.8e+08,73864507,19.0084674088545,18.1177429863773
5e+07,55100437,17.7275335633924,17.8246682051262
7.5e+07,83504017,18.1329986715006,18.2404052964484
3.5e+07,37553932,17.3708586194537,17.4412886444074
5500000,5580479,15.5202586502027,15.5347851729672
1e+08,311434,18.4206807439524,12.6489427167507
4.5e+07,8305970,17.6221730477346,15.9324850913195
7e+06,37295394,15.7614207070196,17.4343803917344
8e+07,103028109,18.1975371926382,18.4505124118753
8e+05,29063,13.5923670066501,10.2772211664828
7e+07,25124986,18.0640058000136,17.0393733671294
1.5e+08,165249063,18.8261458520605,18.9229643664833
5500000,611709,15.5202586502027,13.3240119582171
250000,3395391,12.4292161968444,15.0379294817102
2.7e+07,79249455,17.1113474239686,18.1881110937264
1.4e+07,47185,16.4545678875795,10.7618313244554
3400000,5353586,15.0392859895864,15.4932771747085
1.5e+08,21392758,18.8261458520605,16.8785630115031
1e+06,2981038,13.8155105579643,14.9077821199792
9400000,3030848,16.0562202472402,14.9243530063166
3e+07,56816662,17.2167079396264,17.8553401857445
1.45e+08,209397903,18.7922443003848,19.1597468420239
5e+07,75605492,17.7275335633924,18.1410394840138
5.5e+07,68224452,17.8228437431967,18.0383135922802
2.6e+07,54544638,17.0736070959858,17.81452997027
2.5e+07,70662220,17.0343863828325,18.07342161746
1e+06,5355847,13.8155105579643,15.4936994192911
5e+06,24814830,15.4249484703984,17.0269520162851
5e+06,104028807,15.4249484703984,18.4601784091355
4e+07,37412945,17.5043900120782,17.4375273254927
2.5e+08,241063875,19.3369714758265,19.3005724978314
6e+07,29136626,17.9098551201864,17.1875065661663
1.3e+08,149260504,18.6830450084199,18.82120368632
1.35e+08,123257581,18.7207853364027,18.6297868781233
1.1e+08,85463309,18.5159909237567,18.2635977072995
4.2e+07,37662162,17.5531801762476,17.4441664879363
4e+06,1065429,15.2018049190842,13.8788880929181
8e+06,163753,15.8949520996441,12.0061144739404
9e+07,143619809,18.3153202282945,18.7826801507472
9.3e+07,176760185,18.3481100511175,18.9903044848431
6500000,4002293,15.6873127348659,15.2023780048391
6e+06,1348205,15.6072700271923,14.1142846360432
1.8e+07,43853424,16.7058823158604,17.5963633581126
3.2e+07,54712227,17.281246460764,17.8175977707499
2.5e+07,10324441,17.0343863828325,16.1500245549099
7.5e+07,36392502,18.1329986715006,17.4098733223773
5e+07,127004179,17.7275335633924,18.6597305493933
4750000,1728953,15.3736551760108,14.363026580953
50200000,62495645,17.731525584662,17.9506074322789
1.3e+08,77591831,18.6830450084199,18.1669727089936
1.6e+07,44667095,16.5880992802041,17.6147476587533
1e+07,46383639,16.1180956509583,17.6524573472571
3e+07,42073277,17.2167079396264,17.5549233465193
34800000,21443494,17.3651279447447,16.8809318473072
3e+06,18000,14.9141228466324,9.7981270368783
1e+06,568662,13.8155105579643,13.2510415120014
9e+07,102515793,18.3153202282945,18.4455274227227
1.1e+08,98780042,18.5159909237567,18.408406138264
6e+06,5359774,15.6072700271923,15.4944323679789
2.5e+07,169705587,17.0343863828325,18.9495756524675
1.4e+07,29959436,16.4545678875795,17.215354891336
4e+07,58009200,17.5043900120782,17.8761121766214
42500000,29121498,17.5650146338946,17.1869872222773
4.5e+07,88625922,17.6221730477346,18.2999349461475
3.7e+07,33047633,17.4264284706085,17.3134605029378
1.6e+07,37300107,16.5880992802041,17.4345067532426
1.1e+08,142614158,18.5159909237567,18.7756533457285
9e+07,20377913,18.3153202282945,16.8299621761972
3.5e+07,13305665,17.3708586194537,16.403700442355
127500000,281287133,18.6636269225628,19.4548865312124
1.5e+08,181030624,18.8261458520605,19.0141767682887
2.1e+07,24149393,16.8600329956877,16.9997698031714
8.5e+07,78046570,18.2581618144546,18.1728162577717
1.95e+08,352390543,19.088510116528,19.6802506156844
7e+07,79883359,18.0640058000136,18.1960781162037
2.5e+07,13657115,17.0343863828325,16.4297711892153
5e+07,75624550,17.7275335633924,18.1412915238844
190000,484592,12.1547793511426,13.0910625787677
2e+07,14011084,16.8112428315183,16.4553592886248
3e+07,26692846,17.2167079396264,17.0999061473932
1.6e+08,146408305,18.8906843731981,18.8019098860246
1.2e+07,16311571,16.3004172077523,16.6073852912339
120000,1597486,11.6952470217642,14.2839417015022
1.8e+07,18335230,16.7058823158604,16.724334903723
2e+08,334191110,19.1138279245123,19.6272235729339
4200000,1044039,15.2505950832536,13.8586074030488
8e+06,3205706,15.8949520996441,14.9804429048899
3e+07,7502560,17.2167079396264,15.8307548535989
3200000,5790894,14.97866136777,15.5717972417752
3.5e+07,5101237,17.3708586194537,15.4449936173039
1.3e+07,106954678,16.3804599154258,18.4879157326016
1e+06,9737892,13.8155105579643,16.0915352250903
5.5e+07,39440655,17.8228437431967,17.4903076950659
12500000,2039869,16.3412392022725,14.5283961480722
1.5e+07,123570,16.5235607590665,11.7245630760982
4.4e+07,31206263,17.5997001918825,17.2561293698142
1.25e+08,163214888,18.6438242952666,18.9105782218237
12500000,6797696,16.3412392022725,15.7320942892033
3.7e+07,44875481,17.4264284706085,17.6194021233782
1.5e+07,20218921,16.5235607590665,16.8221294071258
7e+06,7468936,15.7614207070196,15.8262631105517
5.5e+07,98711404,17.8228437431967,18.4077110397758
2.5e+07,80014842,17.0343863828325,18.1977227004305
6.9e+07,251513985,18.0496170625615,19.3430091523199
1e+07,33679655,16.1180956509583,17.332404503818
1.5e+07,64003625,16.5235607590665,17.9744502803449
6.9e+07,73026337,18.0496170625615,18.1063307148688
2.5e+07,24046682,17.0343863828325,16.9955075824204
6.5e+07,100539043,17.9898978278599,18.4260566975838
2e+07,1186538,16.8112428315183,13.9865503813152
8e+06,58401464,15.8949520996441,17.8828515159774
6e+07,80574010,17.9098551201864,18.2046866989009
6e+07,43313890,17.9098551201864,17.5839839267515
5e+06,2712131,15.4249484703984,14.8132452307106
5e+07,11497497,17.7275335633924,16.2576399174699
1.2e+07,23240020,16.3004172077523,16.9613863505328
2.1e+07,37729698,16.8600329956877,17.4459580876678
1.5e+08,393050114,18.8261458520605,19.7894476782434
4e+07,61153526,17.5043900120782,17.9288980799232
3.2e+07,17804299,17.281246460764,16.6949505029557
1e+08,35497337,18.4206807439524,17.3849682375474
7.5e+07,162001186,18.1329986715006,18.9031142141575
9900000,458054,16.1080453151048,13.0347423600763
1.25e+08,295983305,18.6438242952666,19.5058136086707
3.6e+07,50269859,17.3990294964204,17.732916230811
1.65e+08,217581231,18.9214560318649,19.1980828146303
1e+07,5005465,16.1180956509583,15.4260408735088
1.6e+08,292576195,18.8906843731981,19.4942356864396
1500000,54009150,14.2209756660724,17.8046640346189
1.7e+08,312433331,18.9513089950145,19.5599016635803
8e+06,6363628,15.8949520996441,15.6661092129287
2.8e+07,48071303,17.1477150681395,17.6881959458061
1.17e+08,76423035,18.577684492762,18.1517947139288
2.6e+07,40168080,17.0736070959858,17.5085832083298
2e+07,12134935,16.8112428315183,16.3115990407214
3e+07,53032453,17.2167079396264,17.7864146048793
3e+07,32367005,17.2167079396264,17.2926500976799
12500000,26593646,16.3412392022725,17.096182873037
8e+06,1095369,15.8949520996441,13.906601850767
2e+06,977772,14.5086577385242,13.7930317930038
1.3e+08,148415853,18.6830450084199,18.8155287091376
5e+05,237301,13.1223633774043,12.37708465649
4e+07,31011732,17.5043900120782,17.2498761424676
3.5e+07,29197642,17.3708586194537,17.1895985105531
1.5e+07,2434652,16.5235607590665,14.7053143884743
3e+06,84752907,14.9141228466324,18.2552506045215
9.5e+07,88768303,18.3693874495648,18.301540196043
3e+06,4033574,14.9141228466324,15.2101633895402
4e+07,52000688,17.5043900120782,17.7667675072274
2e+08,90759676,19.1138279245123,18.323725648015
5e+06,2229058,15.4249484703984,14.6170896326665
1.5e+07,26167002,16.5235607590665,17.080009709289
6e+07,90380162,17.9098551201864,18.3195353543778
1.6e+07,19068240,16.5880992802041,16.7635346817601
3.2e+07,13942007,17.281246460764,16.4504169271084
2.1e+08,105487148,19.1626180886817,18.4740996835545
1.3e+08,118311368,18.6830450084199,18.5888304190064
8.5e+07,31611316,18.2581618144546,17.26902571572
3.5e+07,59699513,17.3708586194537,17.9048344208756
9.5e+07,95347692,18.3693874495648,18.3730406841593
1.65e+08,238736787,18.9214560318649,19.2908721933853
8e+07,128012934,18.1975371926382,18.667641863654
1e+07,21416355,16.1180956509583,16.8796654404364
7e+06,1785645,15.7614207070196,14.3952902524645
1900000,467602,14.4573644441367,13.0553727857309
2500000,327716,14.7318012898384,12.6999026586399
3.2e+07,57744720,17.281246460764,17.8715424746149
2.6e+08,200821936,19.3761921889798,19.1179291828432
1.1e+08,77222099,18.5159909237567,18.1621962305081
3.5e+07,37490007,17.3708586194537,17.4395849754285
1.55e+08,104386950,18.8589356748835,18.4636152255997
2.5e+07,11538204,17.0343863828325,16.2611741743499
1.9e+07,39123589,16.7599495371307,17.4822361422765
2e+07,31177548,16.8112428315183,17.2552087783477
8.2e+07,103068524,18.2222298052285,18.4509046065456
1.1e+07,93617009,16.2134058307626,18.3547226450242
4.5e+07,15541549,17.6221730477346,16.5590275761859
16500000,39868642,16.6188709388708,17.5011006580802
4e+07,176591618,17.5043900120782,18.9893503818141
4e+06,20811365,15.2018049190842,16.8510097896833
1.3e+07,217277,16.3804599154258,12.2889283161879
1.5e+07,138797449,16.5235607590665,18.7485262269055
1.5e+08,131772187,18.8261458520605,18.6965851334847
1800000,41034350,14.4032972228664,17.529920078784
2.5e+07,23591432,17.0343863828325,16.9763941532295
3e+07,21148651,17.2167079396264,16.8670866789165
1e+08,119219978,18.4206807439524,18.5964808992232
9500000,3573673,16.0668023565708,15.0891044763914
4e+07,96962694,17.5043900120782,18.3898368645528
1.6e+08,63150991,18.8906843731981,17.9610390994326
2.8e+07,24307106,17.1477150681395,17.0062792935456
1.9e+07,27758465,16.7599495371307,17.139051396685
2e+07,277943,16.8112428315183,12.5351713356788
1e+08,67631157,18.4206807439524,18.0295793371972
3.7e+07,92186262,17.4264284706085,18.3393216752557
6.8e+07,300531751,18.0350182631404,19.5210639669236
1.5e+08,62189884,18.8261458520605,17.9457029078267
50000,391674,10.8197782844103,12.8781851401213
2e+08,415004880,19.1138279245123,19.843800837162
2e+08,172062763,19.1138279245123,18.9633698693803
3.5e+07,171243005,17.3708586194537,18.958594187557
5e+06,223838,15.4249484703984,12.3186778549059
9.5e+07,81562942,18.3693874495648,18.2168855746237
5.2e+07,110485654,17.7667542765457,18.5203962424394
7e+07,52474616,18.0640058000136,17.7758401058738
1e+07,152857,16.1180956509583,11.9372581228029
8e+06,109338,15.8949520996441,11.6021992807141
2e+06,6531503,14.5086577385242,15.6921476432212
8e+07,100246011,18.1975371926382,18.4231378328356
2e+07,25702053,16.8112428315183,17.0620814299434
1.5e+07,3247816,16.5235607590665,14.9934933284127
7500000,32391374,15.8304135785065,17.2934027107479
4e+07,64167069,17.5043900120782,17.9770006931342
2e+08,166112167,19.1138279245123,18.9281738229544
3e+07,31749894,17.2167079396264,17.2733999447147
1.4e+07,15515460,16.4545678875795,16.5573475041521
7e+06,9228788,15.7614207070196,16.0378382869144
7e+06,9176000,15.7614207070196,16.0321019377913
3200000,2277396,14.97866136777,14.6385432429682
9800000,16044025,16.0978929436408,16.5908470640858
7e+07,619423,18.0640058000136,13.3365436785409
1e+06,621859,13.8155105579643,13.3404686579208
1.5e+07,33862903,16.5235607590665,17.3378306663752
7500000,12574914,15.8304135785065,16.3472144349605
1.5e+08,133375846,18.8261458520605,18.7086816105839
2e+07,15988876,16.8112428315183,16.5874037884057
6.5e+07,19551067,17.9898978278599,16.7885404209114
4.25e+08,760507625,19.8675997268887,20.4494966959118
2.1e+07,9451946,16.8600329956877,16.061731204196
4.2e+07,60054530,17.5531801762476,17.9107635407807
3e+07,58715510,17.2167079396264,17.8882144747693
8500000,4444637,15.9555767214605,15.3072087588035
1.7e+07,27163593,16.6487239020205,17.1173881420378
2.6e+07,28544157,17.0736070959858,17.166962814627
2e+07,14363397,16.8112428315183,16.4801936534971
2.7e+07,13261851,17.1113474239686,16.40040212574
1.3e+07,3075255,16.3804599154258,14.9388983826138
1e+08,124870275,18.4206807439524,18.6427859563793
2.3e+07,6113834,16.9510047738934,15.6260646302629
6e+07,75286229,17.9098551201864,18.1368077942391
2e+07,30101577,16.8112428315183,17.2200881203733
8e+05,46742,13.5923670066501,10.752398397079
3e+07,115646235,17.2167079396264,18.5660463909886
3e+07,42100625,17.2167079396264,17.5555731441481
1.6e+07,337997,16.5880992802041,12.7307922986861
2e+07,9208876,16.8112428315183,16.0356783595243
4e+07,21002919,17.5043900120782,16.8601719860281
8.5e+07,155064265,18.2581618144546,18.8593502018586
2e+07,17231291,16.8112428315183,16.6622375331493
3e+06,374675,14.9141228466324,12.8338142625132
1.7e+07,65002019,16.6487239020205,17.989928888916
72500000,51855045,18.0990971198249,17.76396278781
1.5e+08,119436770,18.8261458520605,18.5982976679628
1.75e+08,150201498,18.9802965318878,18.8274882706134
5e+07,20534907,17.7275335633924,16.8376367765094
7e+06,9176933,15.7614207070196,16.0322036109137
7300000,1818681,15.8033849061186,14.4136220710379
2.5e+08,301959197,19.3369714758265,19.5258024569395
4e+07,93953653,17.5043900120782,18.3583121654521
1.3e+07,2037459,16.3804599154258,14.5272140011953
4e+07,71440011,17.5043900120782,18.0843686485079
9e+07,196573705,18.3153202282945,19.0965480080038
7e+07,120831050,18.0640058000136,18.6099038468606
4.9e+07,37491364,17.7073308560749,17.4396211710857
8.5e+07,112735375,18.2581618144546,18.5405538161821
1.6e+07,16204793,16.5880992802041,16.600817620641
4e+07,94125426,17.5043900120782,18.3601387699705
5e+07,79957634,17.7275335633924,18.1970074773638
5.3e+07,73357727,17.7858024715164,18.1108584012449
4500000,281447,15.3195879547405,12.5476994317485
4.2e+07,1259693,17.5531801762476,14.0463785984463
1.75e+08,198351526,18.9802965318878,19.1055513983662
5e+06,5010163,15.4249484703984,15.4269790074619
7e+06,1110509,15.7614207070196,13.9203290267412
1.4e+07,51545952,16.4545678875795,17.7579842396407
27500000,49200230,17.1296965626368,17.7114088562484
8e+07,19676965,18.1975371926382,16.794959220216
5e+07,38122883,17.7275335633924,17.4563252634813
1900000,1445366,14.4573644441367,14.1838731346541
1.2e+07,550472,16.3004172077523,13.2185313709994
4300000,199228,15.2741255806638,12.2022051765037
4e+07,10330853,17.5043900120782,16.1506454127109
6600000,828,15.7025802069967,6.71901315438526
6e+07,42194060,17.9098551201864,17.557790010805
1e+07,47566524,16.1180956509583,17.6776397944752
102500000,97104620,18.4453733565427,18.3912995119443
3.8e+07,31811527,17.4530967176907,17.2753392663456
9e+07,209028679,18.3153202282945,19.157982020611
3e+07,17010170,17.2167079396264,16.6493219584432
1.4e+08,257730019,18.7571529805736,19.3674231570029
6e+07,37017955,17.9098551201864,17.4269136231732
8e+07,38577772,18.1975371926382,17.4681868136447
2e+08,125322469,19.1138279245123,18.6464007254182
3.5e+07,255959475,17.3708586194537,19.3605296891317
5e+07,8017467,17.7275335633924,15.8971330945447
8e+06,10273187,15.8949520996441,16.1450478550893
2.5e+07,15051977,17.0343863828325,16.5270199026582
8300000,493296,15.9317660727668,13.108864678533
4e+07,66477700,17.5043900120782,18.0123771110417
1e+07,26218170,16.1180956509583,17.0819632398138
9e+07,102515793,18.3153202282945,18.4455274227227
1300000,695840,14.0778748224318,13.4528750278315
1e+07,100688,16.1180956509583,11.5197819057667
3.5e+07,277322503,17.3708586194537,19.4406916576721
3e+07,7689607,17.2167079396264,15.8553802348443
2.2e+07,33316821,16.9065530113226,17.321572962548
18500000,18451251,16.7332812900486,16.7306427310302
1.8e+07,6617867,16.7058823158604,15.7052836705558
9.5e+07,44114232,18.3693874495648,17.6022930094423
2.4e+07,32428195,16.9935643883122,17.2945388183935
6500000,1109660,15.6873127348659,13.9195642200609
1.05e+08,104400899,18.4694709081218,18.4637488444868
4e+07,163958031,17.5043900120782,18.9151210445017
2.5e+07,8114270,17.0343863828325,15.9091347980145
8e+06,690290,15.8949520996441,13.4448670781315
6e+07,31720158,17.9098551201864,17.272462935803
1.1e+08,65452312,18.5159909237567,17.9968323743716
3.9e+07,63414846,17.4790722040939,17.9652085560332
3.8e+07,88915214,17.4530967176907,18.30319382195
1.6e+07,42670410,16.5880992802041,17.5690162637423
3.5e+07,11001272,17.3708586194537,16.2135214604409
2.1e+08,402111870,19.1626180886817,19.8122408914517
1.75e+08,293004164,18.9802965318878,19.4956973784845
3e+07,83823381,17.2167079396264,18.2442225360829
1.38e+08,107509799,18.7427642431215,18.4930925548661
1.5e+07,5306706,16.5235607590665,15.4844818617452
1e+08,77233467,18.4206807439524,18.1623434314192
1.5e+07,13043363,16.5235607590665,16.3837899799856
3.5e+07,10275638,17.3708586194537,16.1452864088763
1.5e+08,179883157,18.8261458520605,19.0078180703021
1.8e+07,15285588,16.7058823158604,16.5424209816545
23600000,75590286,16.9767572699958,18.1408383408305
3.5e+07,81159365,17.3708586194537,18.21192524884
2e+07,20211394,16.8112428315183,16.8217570627557
1.3e+08,49554002,18.6830450084199,17.7185735823809
3e+07,60494212,17.2167079396264,17.918058249003
2e+07,11175164,16.8112428315183,16.2292043739714
8e+07,110101975,18.1975371926382,18.51691753977
2.5e+07,3073392,17.0343863828325,14.9382923956196
1.5e+08,114053759,18.8261458520605,18.5521804653799
3.7e+07,60355347,17.4264284706085,17.9157601014174
5.5e+07,35739802,17.8228437431967,17.391775527669
5.8e+07,293708,17.8759535685107,12.5903413554947
3.8e+07,7871693,17.4530967176907,15.87878371797
2.5e+07,80048433,17.0343863828325,18.1981424219499
6.5e+07,36316032,17.9898978278599,17.4077698546277
5e+07,28644813,17.7275335633924,17.1704829376136
7e+06,32241649,15.7614207070196,17.2887696219374
3.3e+07,11008770,17.3120181194308,16.2142027858368
2e+07,33446470,16.8112428315183,17.325456808327
8e+07,101440743,18.1975371926382,18.4349853731532
1.4e+07,2656784,16.4545678875795,14.7926269267441
5e+05,33456317,13.1223633774043,17.3257511757372
2.5e+07,14543943,17.0343863828325,16.4926851762498
3e+07,63172463,17.2167079396264,17.9613790521417
8e+07,120146040,18.1975371926382,18.6042185608021
2.9e+07,18622031,17.1828063879507,16.7398559001269
1e+06,2511476,13.8155105579643,14.7363811860844
3.4e+07,15090399,17.3418710825804,16.5295692717464
2e+07,13252641,16.8112428315183,16.3997074112895
2.5e+07,148095302,17.0343863828325,18.8133665569253
9e+06,4886216,16.0127351353005,15.4019287377637
1.5e+08,227946274,18.8261458520605,19.2446205188003
82500000,75986503,18.2283088513049,18.146066290374
1.1e+07,90559416,16.2134058307626,18.3215167236351
3e+07,19528602,17.2167079396264,16.7873907181095
1.5e+07,7800825,16.5235607590665,15.8697400552974
1.85e+08,317023851,19.0358663830426,19.5744875687588
6e+07,17303424,17.9098551201864,16.6664149589598
1.86e+08,318604126,19.0412572316775,19.5794599057644
4.5e+07,101704370,17.6221730477346,18.4375808296138
82500000,81168265,18.2283088513049,18.2120349036167
1.3e+08,215434591,18.6830450084199,19.1881678993942
4500000,2122085,15.3195879547405,14.5679096539042
4e+07,46012734,17.5043900120782,17.6444287422311
3.5e+07,40687294,17.3708586194537,17.5214264149402
6e+07,11803254,17.9098551201864,16.2838858141322
2e+07,31841299,16.8112428315183,17.2762747158469
4.5e+07,7916887,17.6221730477346,15.8845086309685
1e+07,31487293,16.1180956509583,17.2650946255841
3.7e+07,48006762,17.4264284706085,17.6868524339502
2.6e+07,87341380,17.0736070959858,18.2853349062175
1500000,3865,14.2209756660724,8.25971696102152
2.5e+07,10103647,17.0343863828325,16.1284070057434
1.8e+07,43869350,16.7058823158604,17.5967264565293
2.3e+08,169368427,19.2535898668875,18.9475869414651
1.2e+07,31691811,16.3004172077523,17.2715688773994
1.2e+07,12796861,16.3004172077523,16.36471046444
4.5e+07,22911480,17.6221730477346,16.9471486529542
1.8e+07,5700626,16.7058823158604,15.5560865513359
5.4e+07,69951824,17.8044946045285,18.0633173345042
57500000,152647258,17.8672955057676,18.8436403143242
1.4e+07,141319928,16.4545678875795,18.7665368709731
1.2e+08,43945766,18.6030023007463,17.5984668407085
6.5e+07,100468793,17.9898978278599,18.42535771983
5e+06,12062558,15.4249484703984,16.305616832908
2e+07,3083538,16.8112428315183,14.9415881969959
2.5e+07,145000989,17.0343863828325,18.7922511210512
2e+07,30060660,16.8112428315183,17.2187278981359
2e+07,3531756,16.8112428315183,15.077305755647
2.25e+08,141621490,19.2316109601687,18.7686684932454
1.6e+08,127509326,18.8906843731981,18.6637000649858
1.85e+08,533345358,19.0358663830426,20.0946797235199
8e+07,79366978,18.1975371926382,18.1895929455028
1.2e+07,31418697,16.3004172077523,17.2629137195308
5.5e+07,52075270,17.8228437431967,17.7682007299274
2.5e+07,48237389,17.0343863828325,17.6916449837111
1.5e+07,17017811,16.5235607590665,16.6497710594421
137500000,134806913,18.7391344750709,18.7193540385103
1.4e+07,266967,16.4545678875795,12.4948803342382
4e+07,26814957,17.5043900120782,17.1044703868178
32500000,34194407,17.2967506473,17.3475726506473
1.1e+07,37770162,16.2134058307626,17.4470299837978
2.7e+07,44089964,17.1113474239686,17.6017427408221
9e+06,52597610,16.0127351353005,17.7781812394133
6e+07,50877145,17.9098551201864,17.7449243630004
1.6e+07,26902075,16.5880992802041,17.1077139791436
6e+06,26238243,15.6072700271923,17.0827285609569
1.5e+07,2203641,16.5235607590665,14.6056215503252
9e+07,110461307,18.3153202282945,18.5201758547048
3.7e+07,192769854,17.4264284706085,19.0770075689942
9e+07,83077762,18.3153202282945,18.2352876187182
1.6e+07,23216709,16.5880992802041,16.960382792923
1.8e+08,223808164,19.0084674088545,19.2262998321759
2e+06,2283849,14.5086577385242,14.6413727354885
7.5e+07,134508551,18.1329986715006,18.7171383311935
27500000,42436517,17.1296965626368,17.5635197995392
3e+05,865695,12.6115377536383,13.6712879315143
3.5e+07,80277646,17.3708586194537,18.2010017590908
5e+07,97690976,17.7275335633924,18.3973197483664
22500000,71985628,16.9290258671746,18.0919770459443
1.5e+07,28638916,16.5235607590665,17.1702770501784
4.8e+07,53606916,17.6867115688722,17.7971886475681
3e+07,39568996,17.2167079396264,17.4935564402826
3e+07,16930884,17.2167079396264,16.6446499677491
4.5e+07,24343673,17.6221730477346,17.0077825380008
3e+07,50980159,17.2167079396264,17.7469470757775
16500000,18663911,16.6188709388708,16.7421023241337
1.5e+08,82195215,18.8261458520605,18.2246076466532
6.1e+07,118594548,17.9263844221376,18.5912210738254
2.5e+07,82234139,17.0343863828325,18.2250810901082
8e+06,458232,15.8949520996441,13.0351308850614
1.2e+07,3950294,16.3004172077523,15.1893005644872
7.5e+07,66661095,18.1329986715006,18.0151320573516
2.1e+07,42739347,16.8600329956877,17.5706305293109
2750000,952620,14.8271114696428,13.7669713622996
2e+07,80209692,16.8112428315183,18.2001549134155
5e+07,17181265,17.7275335633924,16.6593301039401
8.5e+07,127706877,18.2581618144546,18.6652481723327
1.2e+08,131921738,18.6030023007463,18.6977194107801
1.9e+07,20300218,16.7599495371307,16.8261421828706
7.5e+07,118871849,18.1329986715006,18.5935565716436
1.5e+07,58269151,16.5235607590665,17.8805833689084
5e+07,27669725,17.7275335633924,17.1358494131521
1.5e+08,292004738,18.8261458520605,19.4922805861283
17500000,39687694,16.6777114388937,17.4965517227942
7500000,17544812,15.8304135785065,16.6802688516385
1.6e+07,23618786,16.5880992802041,16.9775529702915
2.5e+07,13938332,17.0343863828325,16.4501533004702
1.5e+08,256393010,18.8261458520605,19.3622220205487
2e+07,18354356,16.8112428315183,16.7253774884899
7e+06,143495265,15.7614207070196,18.7818125961039
27500000,148761765,17.1296965626368,18.8178566916993
12500000,5956480,16.3412392022725,15.5999902605394
1.1e+08,134529403,18.5159909237567,18.71729334278
21500000,49033882,16.8835634930979,17.7080220865078
4e+07,50572589,17.5043900120782,17.7389202681072
2.5e+07,74273505,17.0343863828325,18.1232648512073
2.8e+07,43107979,17.1477150681395,17.5792186655502
450000,107918810,13.0170028617465,18.4968897431165
7300000,4443403,15.8033849061186,15.3069310822836
3e+08,309420425,19.5192930326205,19.5502115087918
2e+07,47852604,16.8112428315183,17.6836360944452
1.5e+08,206445654,18.8261458520605,19.1455477589728
4.5e+07,50648679,17.6221730477346,17.7404237073712
1.8e+08,140125968,19.0084674088545,18.7580523474505
6e+07,47003582,17.9098551201864,17.6657343695362
1.6e+08,322719944,18.8906843731981,19.5922954586451
11400000,15000,16.2491239133647,9.61580548008435
7e+07,38634938,18.0640058000136,17.469667554586
4e+07,3688560,17.5043900120782,15.1207466959493
17500000,121463226,16.6777114388937,18.6151221082654
16500000,11892415,16.6188709388708,16.2914113599013
2e+06,347578,14.5086577385242,12.7587443792312
4.5e+07,93466502,17.6221730477346,18.3531136626861
2.05e+08,70107728,19.1385205371027,18.0655435884393
2e+07,15800078,16.8112428315183,16.5755254346939
1.6e+07,35374833,16.5880992802041,17.3815111930685
1.3e+07,25593755,16.3804599154258,17.0578589343778
3.2e+07,35193167,17.281246460764,17.3763625024066
9e+06,6623082,16.0127351353005,15.7060713784867
50000,251150,10.8197782844103,12.4338056491782
72500000,183135014,18.0990971198249,19.0257342201995
4e+06,9427026,15.2018049190842,16.0590912284099
2.5e+07,40222514,17.0343863828325,17.5099374465712
3.5e+07,54149098,17.3708586194537,17.8072518738395
1.51e+08,319246193,18.8327903947792,19.581473127982
6537890,8744,15.6931250414077,9.07612302985637
1500000,19097550,14.2209756660724,16.765070612538
2.8e+07,28563179,17.1477150681395,17.167628998765
6e+07,210614939,17.9098551201864,19.165542090571
2e+07,5501616,16.8112428315183,15.5205524252284
8e+06,18848430,15.8949520996441,16.7519401792649
1.2e+07,18597342,16.3004172077523,16.738529225246
9e+06,16235738,16.0127351353005,16.6027254198312
1e+08,57377916,18.4206807439524,17.8651700485829
8e+06,12671300,15.8949520996441,16.3548501516116
1.8e+07,128505958,16.7058823158604,18.6714858269834
4e+06,7006708,15.2018049190842,15.7623785338712
7e+07,244082982,18.0640058000136,19.3130188156039
1.02e+08,167365000,18.4404833712485,18.9356876141116
7.6e+07,35552383,18.1462438982506,17.3865177443158
5e+06,24148068,15.4249484703984,16.9997149348627
1.2e+07,27838408,16.3004172077523,17.1419272078874
2e+06,11284657,14.5086577385242,16.2389545734431
3e+07,480314,17.2167079396264,13.082195335677
1.6e+07,37634615,16.5880992802041,17.4434347965592
1e+08,75030163,18.4206807439524,18.1334007639839
8e+06,298110,15.8949520996441,12.6052178248935
2.5e+07,54098051,17.0343863828325,17.8063087172898
1.49e+08,64665672,18.8194568639097,17.9847410467979
1.2e+07,5549923,16.3004172077523,15.5292946117525
6500000,13368437,15.6873127348659,16.408407038729
7.5e+07,195330621,18.1329986715006,19.0902041731112
1.5e+07,12669914,16.5235607590665,16.3547407645868
5e+07,88634237,17.7275335633924,18.3000287630554
1.1e+07,72778712,16.2134058307626,18.1029340528221
7.5e+07,42285169,18.1329986715006,17.5599469678796
4.5e+07,38399961,17.6221730477346,17.4635670019324
1.3e+07,13756082,16.3804599154258,16.4369916115517
1.4e+07,5463019,16.4545678875795,15.5135121253143
8e+06,59891098,15.8949520996441,17.9080384376842
2.7e+07,22495466,17.1113474239686,16.9288243357574
2e+07,37442180,16.8112428315183,17.4383084343743
4e+07,15962471,17.5043900120782,16.5857509625633
3e+07,3005605,17.2167079396264,14.9159894368019
7.5e+07,73661010,18.1329986715006,18.1149841805353
3.2e+07,80197993,17.281246460764,18.200009047586
1.1e+08,250863268,18.5159909237567,19.3404185996624
27500000,17510118,17.1296965626368,16.6782894432456
150000,9445857,11.9183905730784,16.0610867906406
8.5e+07,85105259,18.2581618144546,18.259399389519
1.3e+07,4857374,16.3804599154258,15.3960085206281
63700000,2223293,17.9696951205424,14.6144999881296
2.25e+08,423315812,19.2316109601687,19.8636290589159
1.6e+08,60674817,18.8906843731981,17.9210392935032
4e+05,1692693,12.8992198260901,14.3418313097637
5300000,2197694,15.4832173785224,14.6029191867836
1.2e+07,6860000,16.3004172077523,15.7412179997021
2.5e+07,33889159,17.0343863828325,17.3386057276955
2e+06,199176,14.5086577385242,12.2019441349464
2e+06,1985292,14.5086577385242,14.5012765645594
5e+07,46982632,17.7275335633924,17.6652885594657
15250000,7802450,16.5400900610177,15.869948344904
1.7e+07,35662731,16.6487239020205,17.3896167518751
3.3e+07,34020814,17.3120181194308,17.3424830717474
1.7e+07,275380,16.6487239020205,12.5259072409984
2e+07,26910736,16.8112428315183,17.1080358727564
3e+07,40435190,17.2167079396264,17.5152110034005
2.32e+08,200120000,19.2622479296306,19.1144277445843
3e+07,34742066,17.2167079396264,17.3634617873601
4.5e+07,28142535,17.6221730477346,17.1527926908809
5.2e+07,118806699,17.7667542765457,18.5930083521919
1.25e+08,217536138,18.6438242952666,19.1978755464155
3300000,19875,15.0094330264367,9.89721793952253
9e+07,133311000,18.3153202282945,18.7081953023745
3.5e+07,124740460,17.3708586194537,18.6417458167258
3.5e+07,10144010,17.3708586194537,16.1323939414631
2e+07,39143839,16.8112428315183,17.482753598924
3700000,2730296,15.1238433776145,14.819920586192
8.5e+07,63280000,18.2581618144546,17.9630798814237
5e+07,26623701,17.7275335633924,17.0973123920713
16500000,39868642,16.6188709388708,17.5011006580802
4e+07,52330111,17.5043900120782,17.7730824995004
19400000,8060487,16.7807836240336,15.9024845344937
4e+07,53089891,17.5043900120782,17.7874970914404
5.5e+07,162586036,17.8228437431967,18.9067178719313
1.5e+07,56441711,16.5235607590665,17.8487189998685
8300000,1829142,15.9317660727668,14.4193575624129
3e+07,18522064,17.2167079396264,16.7344732280568
9400000,12899867,16.0562202472402,16.3727275592012
6.5e+07,43545364,17.9898978278599,17.5893138032427
1.5e+07,47860214,16.5235607590665,17.6837951118093
1e+06,446165,13.8155105579643,13.0084441177426
2.1e+08,234362462,19.1626180886817,19.2723794577913
5.4e+07,75802010,17.8044946045285,18.1436353674114
3.5e+07,11989328,17.3708586194537,16.2995274787274
2.2e+07,4398532,16.9065530113226,15.2967814068559
5.5e+07,25857987,17.8228437431967,17.0681300860507
3e+07,20040895,17.2167079396264,16.8132854938623
1.5e+08,205343774,18.8261458520605,19.1401960789396
2.5e+07,36351350,17.0343863828325,17.4087419001813
8e+07,63313159,18.1975371926382,17.9636037486061
2.5e+07,2405420,17.0343863828325,14.6932350824495
2e+07,46752382,16.8112428315183,17.6603757642726
2900000,3127472,14.8802212949567,14.9557355684454
450000,2075743,13.0170028617465,14.5458297198435
13900000,83043761,16.4473993981009,18.234878267782
7e+06,28750530,15.7614207070196,17.1741667598203
1.5e+08,206459076,18.8261458520605,19.1456127715485
4500000,211667,15.3195879547405,12.2627695640086
8.8e+07,61649911,18.2928473724425,17.9369823439402
4.5e+07,67264877,17.6221730477346,18.0241487713117
7.5e+07,75976178,18.1329986715006,18.1459304017473
450000,379418,13.0170028617465,12.8463937786892
3e+07,53359111,17.2167079396264,17.7925552990131
3.5e+07,19294901,17.3708586194537,16.7753514220778
4.3e+07,24537621,17.5767106736578,17.0157180487824
6e+07,25473093,17.9098551201864,17.0531332765675
8e+06,23106,15.8949520996441,10.047847603043
5e+07,10169202,17.7275335633924,16.1348742988694
7e+07,28212337,18.0640058000136,17.1552699225104
87500000,154696080,18.2871493513278,18.8569729758557
5.5e+07,89706988,17.8228437431967,18.3120592281195
1.4e+08,110550000,18.7571529805736,18.5209784652677
7e+06,31501218,15.7614207070196,17.265536769715
950000,1024640,13.7642172635767,13.8398518893504
1.5e+08,290013036,18.8261458520605,19.4854364316586
5e+07,66010682,17.7275335633924,18.0053271353795
2.5e+07,51100486,17.0343863828325,17.7493045658919
5.5e+07,177784257,17.8228437431967,18.9960813338168
17500000,51386611,16.6777114388937,17.7548882101116
4800000,47326473,15.3841264758781,17.6725803797734
2800000,22202809,14.8451299751454,16.9157293703696
2.5e+07,24381334,17.0343863828325,17.0093283975016
7.2e+07,62647540,18.0921766769803,17.9530349727733
1e+06,2678010,13.8155105579643,14.8005845393562
5.8e+07,48318130,17.8759535685107,17.6933174105108
2.07e+08,218080025,19.1482293512296,19.2003726405493
1.1e+08,47398413,18.5159909237567,17.6740993050921
1.5e+07,4235837,16.5235607590665,15.2590915052652
4.2e+07,24149632,17.5531801762476,16.9997796998515
7.5e+07,193595521,18.1329986715006,19.0812815972085
5e+07,19699706,17.7275335633924,16.796114269739
1.5e+07,23089926,16.5235607590665,16.954906976475
2e+06,3885134,14.5086577385242,15.1726680328236
8.5e+07,57010853,18.2581618144546,17.8587522111831
4e+06,864959,15.2018049190842,13.6704373859467
6e+07,48478006,17.9098551201864,17.6966207685164
1.1e+08,186336279,18.5159909237567,19.0430635509131
7.5e+07,47379090,18.1329986715006,17.6736915500943
3e+07,18324242,17.2167079396264,16.723735440625
6.5e+07,2070920,17.9898978278599,14.5435035109498
2.8e+07,38372662,17.1477150681395,17.4628558369342
2e+07,7535331,16.8112428315183,15.8351133174124
2.6e+07,57891803,17.0736070959858,17.8740863608457
4e+07,29077547,17.5043900120782,17.1854768535641
8e+07,128200012,18.1975371926382,18.6691021960546
5e+06,87025093,15.4249484703984,18.2817070603196
3.9e+07,25514517,17.4790722040939,17.0547581422599
7500000,10284523,15.8304135785065,16.146150701773
4e+07,74103820,17.5043900120782,18.1209776408944
3e+05,33312,12.6115377536383,10.4136729714147
6e+07,63939454,17.9098551201864,17.973447162304
1e+08,17018422,18.4206807439524,16.6498069623577
1.15e+08,380270577,18.5604426863275,19.756393602038
1.38e+08,32116746,18.7427642431215,17.2848881343144
2e+06,2072645,14.5086577385242,14.5443361273561
7500000,24793509,15.8304135785065,17.026092443006
2.6e+07,109449237,17.0736070959858,18.5109714106891
5e+07,39177684,17.7275335633924,17.4836178569418
18500000,65233369,16.7332812900486,17.9934816904533
1500000,712294,14.2209756660724,13.4762460265139
1.8e+08,291710957,19.0084674088545,19.4912739966968
25500000,33579798,17.0541890101287,17.3294351941102
7e+06,26024456,15.7614207070196,17.0745472692689
7e+06,17044981,15.7614207070196,16.6513663488571
1.8e+07,75072454,16.7058823158604,18.1339642585047
1.8e+07,29511112,16.7058823158604,17.2002774283508
4.5e+07,51019112,17.6221730477346,17.7477108655872
1.2e+08,35818913,18.6030023007463,17.3939866079611
28500000,6301131,17.1654146452389,15.6562396990588
8e+07,45575336,18.1975371926382,17.6348772509648
3e+07,12712093,17.2167079396264,16.3580643030939
5e+07,75941727,17.7275335633924,18.1454768541475
4e+07,47907715,17.5043900120782,17.6847871141298
1500000,7372734,14.2209756660724,15.8132991587406
1.5e+07,31726995,16.5235607590665,17.2726784537484
1e+06,9015303,13.8155105579643,16.0144340247036
4750000,1253413,15.3736551760108,14.0413807885077
5e+07,70511035,17.7275335633924,18.0712797803565
1125000,16124543,13.9332935936207,16.5958530791592
2.9e+07,119519402,17.1828063879507,18.5989892759895
1.32e+08,234280354,18.6983124805506,19.2720290501972
3e+06,5529144,14.9141228466324,15.5255435694736
1e+07,56094360,16.1180956509583,17.8425458306796
4.5e+07,53359917,17.6221730477346,17.7925704040982
6.5e+07,28045540,17.9898978278599,17.1493401755083
3e+07,57139723,17.2167079396264,17.8610101070128
1.2e+07,1442338,16.3004172077523,14.1817759660317
7.5e+07,120776832,18.1329986715006,18.6094550369918
1.9e+07,51438175,16.7599495371307,17.7558911590372
6500000,1029017,15.6873127348659,13.8441145355738
5.5e+07,6167817,17.8228437431967,15.6348555245245
2.5e+07,84136909,17.0343863828325,18.2479558990601
1.1e+08,24004159,18.5159909237567,16.9937376649656
7e+07,80281096,18.0640058000136,18.2010447340165
1.5e+07,1200216,16.5235607590665,13.9980120985602
2e+06,5792822,14.5086577385242,15.5721301228675
5e+07,40203020,17.7275335633924,17.5094526751457
1e+08,40202379,18.4206807439524,17.5094367309427
4.5e+07,32003620,17.6221730477346,17.2813595793659
3.5e+07,33987757,17.3708586194537,17.3415109294978
6e+07,100170152,17.9098551201864,18.4223808180072
2e+07,8047525,16.8112428315183,15.9008751487051
7303082,55334418,15.8038070088016,17.8289056598702
3500000,96793,15.0682735264596,11.4803299566003
2.8e+07,58990765,17.1477150681395,17.8928914641949
3e+07,114326736,17.2167079396264,18.5545710121733
3.5e+07,22913677,17.3708586194537,16.9472445391506
2e+07,34366518,16.8112428315183,17.3525933344125
1e+07,70527,16.1180956509583,11.1637508942061
2.5e+07,51676606,17.0343863828325,17.7605157419074
7.5e+07,21009180,18.1329986715006,16.8604700430257
2500000,26782316,14.7318012898384,17.1032523769375
9e+06,18225165,16.0127351353005,16.718313889316
1.3e+08,249538952,18.6830450084199,19.3351255812108
6e+07,59623958,17.9098551201864,17.9035680311291
1.1e+08,50026353,18.5159909237567,17.7280604845451
2.2e+07,12784713,16.9065530113226,16.363760718274
1.05e+08,144801023,18.4694709081218,18.7908711028081
2.6e+07,45489752,17.0736070959858,17.6329976277837
1.1e+07,10214647,16.2134058307626,16.1393332286128
2e+07,17104669,16.8112428315183,16.6548620251397
6500000,2339957,15.6873127348659,14.6656431110967
1e+08,118627117,18.4206807439524,18.591495660889
3200000,6529624,14.97866136777,15.6918599191966
1.8e+07,86047227,16.7058823158604,18.2704068546523
3e+07,100492203,17.2167079396264,18.4255907003642
2.8e+07,64378093,17.1477150681395,17.9802839623959
1700000,1000915,14.3461388090264,13.816425139607
4e+05,44540956,12.8992198260901,17.6119196834159
4e+07,14018364,17.5043900120782,16.4558787423196
7000,424760,8.85366542803745,12.9592795825178
5e+07,37485528,17.7275335633924,17.4394654964543
4e+07,75305995,17.5043900120782,18.1370703044749
5e+07,50740078,17.7275335633924,17.7422266493829
5e+06,8886160,15.4249484703984,16.0000055681678
1200000,55185045,13.9978321147582,17.8262025506278
4e+07,47958031,17.5043900120782,17.6858368322349
7.5e+07,161412000,18.1329986715006,18.8994706604787
5e+06,13542874,15.4249484703984,16.4213710628949
7e+07,441226247,18.0640058000136,19.9050683336014
1.7e+07,71502303,16.6487239020205,18.0852402169357
7e+07,37760080,18.0640058000136,17.4467630178834
7.5e+07,42044321,18.1329986715006,17.554234881755
2e+08,373524485,19.1138279245123,19.738494115944
2e+07,32774834,16.8112428315183,17.3051715227652
1.1e+08,102608827,18.5159909237567,18.4464345201387
8.5e+07,176087450,18.2581618144546,18.9864913046009
1.3e+07,57924679,16.3804599154258,17.8746540866187
1.2e+08,57712751,18.6030023007463,17.8709886949324
1.25e+08,186740799,18.6438242952666,19.0452321116871
1e+07,110359362,16.1180956509583,18.5192525262165
9.2e+07,261441092,18.3372991350133,19.3817195464938
5e+07,24006726,17.7275335633924,16.9938445990495
3e+07,81001787,17.2167079396264,18.2099817741218
5.5e+07,51225796,17.8228437431967,17.751753791256
1.7e+08,194949659,18.9513089950145,19.0882519242249
4.5e+07,95149435,17.6221730477346,18.3709592136962
1e+08,59475623,18.4206807439524,17.9010770890879
7.5e+07,77073959,18.1329986715006,18.1602760253203
71682975,114197520,18.0877638296759,18.5534401386632
3e+07,16323969,17.2167079396264,16.6081450764617
1.5e+08,133298577,18.8261458520605,18.7081021099232
1.7e+08,120150546,18.9513089950145,18.604256064456
1.1e+07,3753806,16.2134058307626,15.1382808165833
2e+07,69148997,16.8112428315183,18.0517741112699
3.5e+07,16862585,17.3708586194537,16.6406078202564
7.6e+07,127120058,18.1462438982506,18.6606425364544
2e+07,16248701,16.8112428315183,16.6035235250832
7e+07,66432867,18.0640058000136,18.0117024769218
2e+07,2353728,16.8112428315183,14.6715110121228
8.1e+07,242704995,18.2099597126367,19.3073572514492
1.2e+08,100814328,18.6030023007463,18.4287910463573
8e+07,95632614,18.1975371926382,18.3760244704706
2.5e+07,34657731,17.0343863828325,17.3610313755964
6e+07,104148781,17.9098551201864,18.4613310213301
8e+07,102543518,18.1975371926382,18.4457978322938
7e+06,32539681,15.7614207070196,17.2979708563881
6.8e+07,33685268,18.0350182631404,17.3325711484088
2.6e+07,46896664,17.0736070959858,17.6634571008227
9.4e+07,380529370,18.3588053402343,19.7570739201978
2.6e+07,110222438,17.0736070959858,18.5180110455723
1.2e+07,11634362,16.3004172077523,16.2694735186641
6400000,4063859,15.6718085483299,15.2176435727567
2e+07,67383924,16.8112428315183,18.0259170311125
7.5e+07,30207785,18.1329986715006,17.2236102305821
16500000,13005485,16.6188709388708,16.3808817495182
5e+07,105807520,17.7275335633924,18.4771321523673
1.37e+08,132177234,18.7354914837924,18.6996542617776
2.8e+07,52131264,17.1477150681395,17.769275403525
1.2e+07,4717455,16.3004172077523,15.3667800172286
2.5e+07,35623801,17.0343863828325,17.3885245398464
5.5e+07,70098138,17.8228437431967,18.0654067895978
9e+07,65653758,18.3153202282945,17.9999054000298
2.5e+07,90639088,17.0343863828325,18.3223961128505
2e+06,7301288,14.5086577385242,15.8035613289114
4e+06,44585453,15.2018049190842,17.6129181978673
4.5e+07,59472278,17.6221730477346,17.9010208459769
1.35e+08,93926386,18.7207853364027,18.35802190577
6.5e+07,63803100,17.9898978278599,17.9713123364763
5e+06,34469210,15.4249484703984,17.3555770197506
3e+07,90135191,17.2167079396264,18.3168212234597
1e+08,48417850,18.4206807439524,17.6953791053491
1.25e+08,305411224,18.6438242952666,19.5371697018744
2.8e+07,38372662,17.1477150681395,17.4628558369342
7e+07,116877597,18.0640058000136,18.5766377656471
4.5e+07,110000082,17.6221730477346,18.515991669211
3e+07,42070939,17.2167079396264,17.5548677752606
5e+07,60470220,17.7275335633924,17.9176615704105
6e+06,2207975,15.6072700271923,14.6075863638513
6e+07,26483452,17.9098551201864,17.0920306430744
8e+07,124685242,18.1975371926382,18.6413030556113
4e+07,111760631,17.5043900120782,18.5318699189242
7800000,10130108,15.8696342916598,16.1310225375698
1.7e+08,150358296,18.9513089950145,18.8285316437948
8.5e+07,31111260,18.2581618144546,17.2530803695001
6e+07,106126012,17.9098551201864,18.4801377384749
2e+07,47901582,16.8112428315183,17.6846590889756
1.4e+08,111110575,18.7571529805736,18.5260364345986
7.8e+07,66465204,18.1722193846539,18.0121891205637
9.4e+07,377845905,18.3588053402343,19.7499970117383
1.27e+08,281553689,18.6596976444229,19.4558337120475
1.1e+08,139259759,18.5159909237567,18.7518515169013
6.5e+07,26900336,17.9898978278599,17.1076493352004
2e+07,81261177,16.8112428315183,18.2131789327901
2e+06,4601043,14.5086577385242,15.3417935748883
8e+07,19480739,18.1975371926382,16.7849367918041
750000,41196,13.5278284855125,10.6260964432457
2.2e+07,51970690,16.9065530113226,17.766190463787
1e+07,15417771,16.1180956509583,16.5510313631216
1.25e+08,214949694,18.6438242952666,19.1859145773187
4500000,13084595,15.3195879547405,16.3869461419962
8e+06,45064915,15.8949520996441,17.6236145638064
8e+06,3076425,15.8949520996441,14.9392787665135
4.1e+07,116724075,17.5290826246686,18.5753233741808
3e+07,65005217,17.2167079396264,17.9899780861776
18500000,22498520,16.7332812900486,16.9289600872334
9e+06,184255,16.0127351353005,12.1240759467254
12500000,21078145,16.3412392022725,16.8637472796629
6.3e+07,213117789,17.9586452843558,19.1773555708255
5600000,32543449,15.5382771557054,17.2980866467628
5.4e+07,81676888,17.8044946045285,18.2182816311928
3e+07,40118420,17.2167079396264,17.5073461384281
1500000,21158188,14.2209756660724,16.8675375280173
3e+07,35266619,17.2167079396264,17.3784474371126
5.2e+07,164606800,17.7667542765457,18.9190701576261
3e+07,170687518,17.2167079396264,18.9553450626541
1.2e+07,37188667,16.3004172077523,17.4315146222903
5e+07,8355815,17.7275335633924,15.9384682616337
1.42e+08,160942139,18.7713376155655,18.8965554732613
2e+07,56398162,16.8112428315183,17.8479471272848
2e+07,1190018,16.8112428315183,13.9894789910237
13500000,15901849,16.4182002434087,16.5819459497376
1.2e+07,25885000,16.3004172077523,17.0691742083181
30000,77070,10.3089526606443,11.252469378772
9.7e+07,77730500,18.3902215364677,18.1687582737085
7e+06,254683,15.7614207070196,12.4477749135496
1e+08,261987880,18.4206807439524,19.3838088011134
4.2e+07,41543207,17.5531801762476,17.5422445761285
7e+07,33561137,18.0640058000136,17.328879318608
6.5e+07,176387405,17.9898978278599,18.9881932987611
9e+06,4777465,16.0127351353005,15.3794206290624
4.6e+07,67263182,17.6441519544534,18.0241235721077
8e+07,145771527,18.1975371926382,18.7975510704018
5.5e+07,93932896,17.8228437431967,18.3580912129657
1750000,145540,14.3751263458997,11.8882062419011
1.4e+08,190418803,18.7571529805736,19.0647364306977
1.02e+08,132024714,18.4404833712485,18.6984996902985
5e+07,126293452,17.7275335633924,18.6541187411628
5e+06,241438208,15.4249484703984,19.3021241308224
4.8e+07,95308367,17.6867115688722,18.3726281612029
1.1e+07,46566212,16.2134058307626,17.6563857717319
3.5e+07,30307804,17.3708586194537,17.2269157950731
7e+06,6199600,15.7614207070196,15.639995331805
3e+06,5853194,14.9141228466324,15.5824980531196
7.8e+07,92955420,18.1722193846539,18.3476305813516
6e+07,43061982,17.9098551201864,17.5781510776382
3.5e+07,40119709,17.3708586194537,17.5073782677914
8.4e+07,153294164,18.2463273568076,18.8478692739719
70702619,227965690,18.0739931740279,19.244705693139
3.2e+07,81150692,17.281246460764,18.2118183793069
4.7e+07,14970038,17.6656581596743,16.5215612948027
1.39e+08,403706375,18.749984491095,19.8161983771278
8e+07,73215310,18.1975371926382,18.1089151100676
4500000,410241,15.3195879547405,12.9245000708689
3.8e+07,85846296,17.4530967176907,18.2680689993566
6e+07,43254409,17.9098551201864,17.5826097283429
1.15e+08,310676740,18.5604426863275,19.5542635083488
1e+08,4411102,18.4206807439524,15.2996351028279
1e+07,30306281,16.1180956509583,17.2268655427266
6e+07,121468960,17.9098551201864,18.615169314855
1.2e+07,1779284,16.3004172077523,14.3917215941542
8e+06,14018296,15.8949520996441,16.4558738915278
2.5e+07,41675994,17.0343863828325,17.5454358375464
1.5e+07,8378141,16.5235607590665,15.9411366101398
9.4e+07,342548984,18.3588053402343,19.6519252244184
2.5e+07,11411644,17.0343863828325,16.2501447955959
2e+07,12987647,16.8112428315183,16.3795092329011
4.8e+07,129094024,17.6867115688722,18.6760515650476
4e+06,6525762,15.2018049190842,15.6912682859638
6.5e+07,139225854,17.9898978278599,18.751608021377
4.3e+07,24430272,17.5767106736578,17.0113335770238
2.1e+07,25296447,16.8600329956877,17.0461745090533
6e+07,50586000,17.9098551201864,17.7391854161329
1e+08,38120554,18.4206807439524,17.4562641696982
1.5e+07,19161999,16.5235607590665,16.7684396570063
6e+07,93354918,17.9098551201864,18.3519191100137
7e+07,78120196,18.0640058000136,18.1737591729302
4300000,20779666,15.2741255806638,16.8494854703589
1.6e+07,16357770,16.5880992802041,16.6102135717796
7e+07,141930000,18.0640058000136,18.7708445362754
7.8e+07,170708996,18.1722193846539,18.9554708870204
4.1e+07,56083966,17.5290826246686,17.8423605185895
2.8e+07,74058698,17.1477150681395,18.1203685529549
3.5e+07,13264986,17.3708586194537,16.4006384901444
3e+07,10965209,17.2167079396264,16.2102380003
9e+07,78616689,18.3153202282945,18.1800945631053
9e+07,84052762,18.3153202282945,18.246955278671
9.5e+07,108638745,18.3693874495648,18.5035386697934
3e+07,52990775,17.2167079396264,17.785628399763
2.5e+07,71500556,17.0343863828325,18.0852157838578
5e+07,54997476,17.7275335633924,17.8227978512346
4500000,1270522,15.3195879547405,14.0549383976098
7.2e+07,112950721,18.0921766769803,18.5424621842134
8e+07,38311134,18.1975371926382,17.4612511168652
3.5e+07,31598308,17.3708586194537,17.2686141328198
5500000,6217849,15.5202586502027,15.6429345849702
1.8e+07,41300105,16.7058823158604,17.5363756003009
8.7e+07,165092266,18.2814186766189,18.9220150634564
1.25e+08,317575550,18.6438242952666,19.5762263007467
6e+06,3067312,15.6072700271923,14.9363121659955
1e+07,226792,16.1180956509583,12.331788576845
4e+07,6114237,17.5043900120782,15.6261305441753
1.4e+07,13121555,16.4545678875795,16.3897668557986
2.2e+07,30059386,16.9065530113226,17.2186855162655
1e+07,37904175,16.1180956509583,17.450571822297
2.2e+07,14252830,16.9065530113226,16.4724660414525
4.8e+07,47095453,17.6867115688722,17.6676870150483
2.5e+07,36833473,17.0343863828325,17.421917582102
1500000,7025722,14.2209756660724,15.7650885437037
7e+05,1140965,13.4588356140255,13.9473849535271
9.4e+07,131144183,18.3588053402343,18.6918079095001
1.8e+07,96493426,16.7058823158604,18.3849854396363
250000,4210379,12.4292161968444,15.2530632253596
7.5e+07,5409517,18.1329986715006,15.5036703677243
1200000,13876974,13.9978321147582,16.4457414777476
1.15e+08,289423425,18.5604426863275,19.483401312217
5.3e+07,57386369,17.7858024715164,17.8653173592208
1.5e+07,7219578,16.5235607590665,15.7923070604074
6500000,6173485,15.6873127348659,15.635774066247
8.5e+07,183417150,18.2581618144546,19.0272736248651
7e+07,13596911,18.0640058000136,16.4253531925549
151500000,198539855,18.8360961829137,19.1065004187942
1.3e+07,91038276,16.3804599154258,18.3267905914319
4e+07,70836296,17.5043900120782,18.0758820826683
1e+07,488872,16.1180956509583,13.099855975501
5e+07,267655011,17.7275335633924,19.4052094368402
2.3e+07,27338033,16.9510047738934,17.123789440805
3.5e+07,112692062,17.3708586194537,18.5401695417467
3e+06,18492362,14.9141228466324,16.7328683399315
3.8e+07,144512310,17.4530967176907,18.7888752521997
2.2e+07,17951431,16.9065530113226,16.7031803911694
9e+06,454255,16.0127351353005,13.0264139933525
1.09e+08,315544750,18.5068584401934,19.5698110682393
7.2e+07,27796042,18.0921766769803,17.140404194424
4.9e+07,43905746,17.7073308560749,17.597555757863
1.7e+07,96522687,16.6487239020205,18.3852886371235
3e+07,108244774,17.2167079396264,18.4999056465452
2.8e+07,52353636,17.1477150681395,17.7735319484563
2.8e+07,60400856,17.1477150681395,17.91651383499
1.9e+07,41867960,16.7599495371307,17.5500314145729
4.5e+07,76261036,17.6221730477346,18.149672697405
1e+07,20384136,16.1180956509583,16.8302675092313
7e+07,100614858,18.0640058000136,18.4268104985612
2.8e+07,45172250,17.1477150681395,17.6259935182122
4.3e+07,37035515,17.5767106736578,17.4273878750977
6e+07,32522352,17.9098551201864,17.2974381647518
8e+06,15070285,15.8949520996441,16.528235482169
5e+07,19452138,17.7275335633924,16.7834675448668
6e+06,18621249,15.6072700271923,16.7398139059739
5e+06,21995263,15.4249484703984,16.9063376699565
9e+06,16963963,16.0127351353005,16.6466018284849
1e+07,68353550,16.1180956509583,18.040204058337
8.5e+07,233632142,18.2581618144546,19.2692583936312
1e+07,1276984,16.1180956509583,14.0600116055705
1.8e+07,17200925,16.7058823158604,16.6604737194074
9e+07,125305545,18.3153202282945,18.646265672678
4.2e+07,106793915,17.5531801762476,18.4864115072118
2.5e+07,71309760,17.0343863828325,18.0825437624119
4.5e+07,60786269,17.6221730477346,17.9228744826152
12500000,4157491,16.3412392022725,15.2404223252844
1.4e+07,46729374,16.4545678875795,17.6598835184816
4.5e+07,27447471,17.6221730477346,17.1277845905279
5e+07,125548685,17.7275335633924,18.6482041695982
2.3e+07,53302314,16.9510047738934,17.7914903028278
1.03e+08,187683805,18.4502395461939,19.0502692165343
103300000,101643008,18.4531479340899,18.4369773106261
2e+07,27277055,16.8112428315183,17.1215564305666
9e+07,73209340,18.3153202282945,18.1088335664203
8e+07,39442871,18.1975371926382,17.490363879167
1.5e+07,27441122,16.5235607590665,17.1275532491988
5.5e+07,166225040,17.8228437431967,18.9288530908905
5e+06,25544867,15.4249484703984,17.0559469542351
4.5e+07,106807667,17.6221730477346,18.4865402703032
9e+07,60874615,18.3153202282945,17.9243268149117
2.6e+07,45506619,17.0736070959858,17.6333683458686
2.3e+07,39235088,16.9510047738934,17.4850820064366
3e+07,43746923,17.2167079396264,17.593931836866
8e+07,17480890,18.1975371926382,16.6766188422273
3e+07,115654751,17.2167079396264,18.5661200266453
4500000,3635482,15.3195879547405,15.1062522598841
2.4e+07,32662299,16.9935643883122,17.3017320349459
2.5e+07,55973336,17.0343863828325,17.8403859924503
3e+07,76501438,17.2167079396264,18.1528200960057
4e+06,12178602,15.2018049190842,16.3151910353334
4e+07,89138076,17.5043900120782,18.3056971412246
4300000,6946056,15.2741255806638,15.7536845744477
5.5e+07,56932305,17.8228437431967,17.8573734884266
1e+07,30093107,16.1180956509583,17.2198067001716
1800000,3050934,14.4032972228664,14.9309583312131
5e+07,39778599,17.7275335633924,17.498839612067
3.5e+07,61280963,17.3708586194537,17.9309797980251
1e+08,89296573,18.4206807439524,18.3074736688505
1e+07,12008642,16.1180956509583,16.3011371152234
1.1e+08,113330342,18.5159909237567,18.5458174924404
9.5e+07,50802661,18.3693874495648,17.7434592930666
9e+06,6047856,16.0127351353005,15.6152143870342
2.4e+07,57262492,16.9935643883122,17.8631563774696
8e+07,34566746,18.1975371926382,17.358402679611
7.5e+07,22751979,18.1329986715006,16.9401626885889
73243106,94999143,18.1092946853913,18.3693784284715
225000,1032075,12.3238556811866,13.8470818968016
7.5e+07,68473360,18.1329986715006,18.0419553224798
9e+07,155464351,18.3153202282945,18.8619270092816
6.5e+07,182805123,17.9898978278599,19.0239312417557
1.5e+07,33771174,16.5235607590665,17.3351181563414
1.5e+07,128067808,16.5235607590665,18.6680704316159
7.5e+07,157299717,18.1329986715006,18.8736635689169
1.3e+07,38177966,16.3804599154258,17.4577691008773
4e+07,36443442,17.5043900120782,17.4112720825363
1.5e+07,130058047,16.5235607590665,18.6834914241461
1.2e+07,101800948,16.3004172077523,18.4385299744145
3e+07,106885658,17.2167079396264,18.4872702042257
7.5e+07,39251128,18.1329986715006,17.4854907406332
2.3e+07,18653615,16.9510047738934,16.7415505190509
3.5e+07,206040085,17.3708586194537,19.1435812952028
1.3e+07,22858926,16.3804599154258,16.9448522336
1e+07,5241315,16.1180956509583,15.472082979012
3.6e+07,68208190,17.3990294964204,18.0380752035802
2e+06,11540607,14.5086577385242,16.2613824173143
1200000,2205627,13.9978321147582,14.6065223801837
2.1e+07,17760244,16.8600329956877,16.6924730341727
1.1e+07,38230075,16.2134058307626,17.4591330674808
1.3e+07,6276869,16.3804599154258,15.6523818472396
1e+07,30651422,16.1180956509583,17.2381896140501
1e+07,10571408,16.1180956509583,16.1736635561653
8500000,14943582,15.9555767214605,16.5197924679675
6.5e+07,55691208,17.9898978278599,17.8353328468371
6.5e+07,37030102,17.9898978278599,17.4272417074094
2.7e+07,4485485,17.1113474239686,15.3163571858671
5e+07,35188640,17.7275335633924,17.3762338612079
4.5e+07,71423726,17.6221730477346,18.0841406690302
2.4e+07,28871190,16.9935643883122,17.1783547700484
6500000,16875273,15.6873127348659,16.6413599723698
3e+06,3076820,14.9141228466324,14.9394071540555
3.7e+07,22450975,17.4264284706085,16.9268446010536
2.4e+07,16304786,16.9935643883122,16.6069692423111
6.8e+07,29762011,18.0350182631404,17.2087433395709
4.2e+07,116089678,17.5531801762476,18.5698735366003
1e+07,10827813,16.1180956509583,16.1976286595266
5e+07,81526121,17.7275335633924,18.2164340299284
3e+07,85744662,17.2167079396264,18.2668843913438
1.2e+07,2062406,16.3004172077523,14.5393838203948
7e+07,101068340,18.0640058000136,18.4313074796556
2.1e+07,52037603,16.8600329956877,17.7674771498252
1.15e+08,474544677,18.5604426863275,19.9778663275355
1.05e+08,140015224,18.4694709081218,18.7572617175186
1.45e+08,171091819,18.7922443003848,18.9577109235755
1.25e+08,32698899,18.6438242952666,17.3028519655759
6e+05,140539099,13.3046849341983,18.7609962927216
7e+06,30471,15.7614207070196,10.3245306906076
6e+07,136801374,17.9098551201864,18.7340406069619
8e+07,91188905,18.1975371926382,18.3284437919421
5e+07,23159305,17.7275335633924,16.9579072015832
6.5e+07,171479930,17.9898978278599,18.9599767914831
8e+07,155385488,18.1975371926382,18.8614196067238
4e+07,293506292,17.5043900120782,19.4974096348221
4e+07,81292135,17.5043900120782,18.213559829371
2e+07,10570375,16.8112428315183,16.1735658349844
2e+07,6201757,16.8112428315183,15.6403431969656
9e+07,245852179,18.3153202282945,19.3202410149109
7.5e+07,14010690,18.1329986715006,16.4553311676358
1.75e+08,113805681,18.9802965318878,18.5500029993244
3e+07,11578022,17.2167079396264,16.2646192037747
1.3e+07,16757163,16.3804599154258,16.6343363666137
4.5e+07,162798565,17.6221730477346,18.9080241969976
1e+07,6719864,16.1180956509583,15.7205784741993
1.4e+08,201578182,18.7571529805736,19.1216878640985
5.3e+07,22852487,17.7858024715164,16.9445705096444
4.5e+07,70141876,17.6221730477346,18.0660305488256
2.5e+07,32404188,17.0343863828325,17.2937982316686
1500000,2380606,14.2209756660724,14.6828656350858
2.7e+07,14435076,17.1113474239686,16.4851716360463
8e+07,140464664,18.1975371926382,18.7604665133268
1.5e+07,17507368,16.5235607590665,16.6781323788575
2.5e+07,30082699,17.0343863828325,17.2194607804143
8.5e+07,111549836,18.2581618144546,18.529982008649
2.6e+07,65705772,17.0736070959858,18.0006973334772
18500000,10680275,16.7332812900486,16.1839091402285
1300000,1647780,14.0778748224318,14.3149394853947
2e+06,1152411,14.5086577385242,13.9573668274437
1.25e+08,136314294,18.6438242952666,18.7304737627749
1.7e+07,55041738,16.6487239020205,17.8236023281257
3e+06,2746453,14.9141228466324,14.8258208189295
3e+07,60110313,17.2167079396264,17.9116919821221
6e+06,4595000,15.6072700271923,15.3404793137719
1350000,3897569,14.1156151504146,15.1758635834136
8e+07,69117629,18.1975371926382,18.0513203792097
6e+07,32983332,17.9098551201864,17.3115129009203
9e+07,120620254,18.3153202282945,18.6081577717717
4.8e+07,37562568,17.6867115688722,17.4415185805742
68000,3221152,11.1272629841582,14.9852496175135
6e+07,46850558,17.9098551201864,17.66247347693
6.5e+07,39017984,17.9898978278599,17.4795332260121
4e+07,22772500,17.5043900120782,16.9410642256011
1.2e+07,22921898,16.3004172077523,16.9476032561554
1750000,7267324,14.3751263458997,15.7988986937157
3.5e+07,141186864,17.3708586194537,18.7655948475343
1e+07,17105219,16.1180956509583,16.6548941795858
1e+06,21210,13.8155105579643,9.96222804755873
6.5e+07,216335085,17.9898978278599,19.1923390830399
2.6e+07,100317794,17.0736070959858,18.4238536449739
8e+07,74339294,18.1975371926382,18.1241502258822
6e+06,11911200,15.6072700271923,16.2929896919235
5e+06,5502773,15.4249484703984,15.5207627049639
4e+07,55143823,17.5043900120782,17.8254552937644
2e+06,6719300,14.5086577385242,15.7204945404069
7.3e+07,37068294,18.1059699991127,17.4282725530266
7e+07,70187658,18.0640058000136,18.0666830415735
5e+07,91137662,17.7275335633924,18.3278816906292
6e+07,23385416,17.9098551201864,16.967623138165
1.5e+07,17498804,16.5235607590665,16.6776430937011
1.5e+07,40283321,16.5235607590665,17.5114480702809
3.5e+07,56968169,17.3708586194537,17.8580032312174
6.5e+07,93828745,17.9898978278599,18.3569818169237
5e+07,44705766,17.7275335633924,17.6156130445535
6e+07,101413188,17.9098551201864,18.434713699836
2e+07,1903434,16.8112428315183,14.4591701812327
5.2e+07,36400491,17.7667542765457,17.410092821527
6e+07,125618201,17.9098551201864,18.64875771392
2.2e+07,176484651,16.9065530113226,18.9887444673833
1.4e+07,38116707,16.4545678875795,17.4561632479192
2e+07,20268825,16.8112428315183,16.8245945493084
9e+06,1053788,16.0127351353005,13.8679018493325
2e+07,29795299,16.8112428315183,17.2098611873537
6.5e+07,115821495,17.9898978278599,18.5675607276392
2.8e+07,8165213,17.1477150681395,15.915393371003
3e+06,24646936,14.9141228466324,17.0201631505242
8.5e+07,172956409,18.2581618144546,18.9685501496137
6e+07,47795018,17.9098551201864,17.6824319660884
5.3e+07,58403409,17.7858024715164,17.8828848193825
5e+07,148478011,17.7275335633924,18.8159474311689
1.8e+07,53883989,16.7058823158604,17.8023439416583
1.25e+08,107325195,18.6438242952666,18.4913739889845
1.5e+07,26410771,16.5235607590665,17.0892824773345
3.2e+07,3588602,17.281246460764,15.093273269581
250000,12006514,12.4292161968444,16.3009598938049
2900000,8.5e+07,14.8802212949567,18.2581618144546
2e+06,537948,14.5086577385242,13.1955171801975
8e+07,101117573,18.1975371926382,18.4317944868881
8e+07,76118990,18.1975371926382,18.1478083317808
9e+07,100920329,18.3153202282945,18.4298419417397
5e+06,14843425,15.4249484703984,16.5130675642227
6e+07,26673242,17.9098551201864,17.0991714485754
4e+07,42071069,17.5043900120782,17.5548708652748
8e+07,92993801,18.1975371926382,18.3480433929819
5e+07,48169156,17.7275335633924,17.6902294571741
3.6e+07,12532777,17.3990294964204,16.343857930409
5.5e+07,105263257,17.8228437431967,18.4719749798395
1e+07,138433435,16.1180956509583,18.7459001543415
1.5e+07,28084357,16.5235607590665,17.1507232889029
7e+07,99112101,18.0640058000136,18.4117621008263
1.7e+07,72250091,16.6487239020205,18.0956441444716
25000,2883661,10.1266311038503,14.8745712254017
1.2e+07,39673162,16.3004172077523,17.4961854969016
2.7e+07,60527873,17.1113474239686,17.9186145276503
3.5e+07,64604977,17.3708586194537,17.9838020091288
4.5e+07,181410615,17.6221730477346,19.0162736110226
9e+07,250690539,18.3153202282945,19.3397298240837
2e+07,2374107,16.8112428315183,14.6801319247452
3e+07,35927406,17.2167079396264,17.3970109605469
3.5e+07,43894863,17.3708586194537,17.5973078552532
4.6e+07,126813153,17.6441519544534,18.6582253248717
1e+06,582024,13.8155105579643,13.2742669629767
2.4e+07,101363301,16.9935643883122,18.4342216605345
2e+07,35450113,16.8112428315183,17.3836369985255
3.5e+07,2221994,17.3708586194537,14.613915548908
4e+07,54979992,17.5043900120782,17.8224798951939
1e+08,54768952,18.4206807439524,17.8186340220141
5.7e+07,61007424,17.8585618257988,17.9265061196502
9.5e+07,63570862,18.3693874495648,17.9676657786759
5e+07,48265581,17.7275335633924,17.6922292559009
7.5e+07,229086679,18.1329986715006,19.2496110008184
5e+07,41263140,17.7275335633924,17.5354801654747
8e+07,17650704,18.1975371926382,16.6862862272337
2e+08,658672302,19.1138279245123,20.3057367032354
9e+07,47546796,18.3153202282945,17.677224962982
3400000,12636,15.0392859895864,9.44430516192198
4500000,3802260,15.3195879547405,15.1511061847529
6.5e+07,70645997,17.9898978278599,18.0731920059001
5.5e+07,21226204,17.8228437431967,16.8707470141123
5.7e+07,51364680,17.8585618257988,17.75446133469
5900000,22231658,15.5904629088759,16.9170278670548
5e+07,25426861,17.7275335633924,17.0513166928938
2e+07,26792700,16.8112428315183,17.103640020317
7e+06,24567751,15.7614207070196,17.0169452059163
3e+06,295493,14.9141228466324,12.5964004268844
2e+07,25728961,16.8112428315183,17.0631278025642
2e+06,1577287,14.5086577385242,14.2712168405092
1.3e+07,26570048,16.3804599154258,17.0952951242831
7.5e+07,306169255,18.1329986715006,19.5396486279167
6e+07,60592389,17.9098551201864,17.9196798490925
2.5e+07,25023424,17.0343863828325,17.0353229041594
250000,212285,12.4292161968444,12.2656849904613
8e+07,37771017,18.1975371926382,17.447052620458
8e+07,180981886,18.1975371926382,19.013907506874
14500000,46338728,16.4896592073908,17.6514886273039
1.5e+07,103046663,16.5235607590665,18.4506924824378
4500000,13417292,15.3195879547405,16.4120548807702
9e+06,36049108,16.0127351353005,17.4003926779772
8e+07,90463534,18.1975371926382,18.3204573882418
1.8e+07,26936265,16.7058823158604,17.1089840779095
4.6e+07,92027888,17.6441519544534,18.3376022195134
5e+07,33109743,17.7275335633924,17.3153381474879
2500000,25857416,14.7318012898384,17.0681080036549
4.7e+07,60240295,17.6656581596743,17.9138520385223
1.5e+07,24769466,16.5235607590665,17.0251222428965
3.5e+07,78716374,17.3708586194537,18.1813617476555
5.5e+07,18582965,17.8228437431967,16.7377558588122
3e+07,105489203,17.2167079396264,18.4741191644109
4.5e+07,20404841,17.6221730477346,16.8312827345839
1e+08,100138851,18.4206807439524,18.4220682908638
6.5e+07,33447612,17.9898978278599,17.3254909518556
4.2e+07,41267469,17.5531801762476,17.5355850720071
7.5e+07,134069511,18.1329986715006,18.7138689622227
3100000,16501785,14.9469126694554,16.6189791148378
8.8e+07,241888385,18.2928473724425,19.3039869587185
1e+06,1287480,13.8155105579643,14.0681973774188
3e+05,1652472,12.6115377536383,14.3177829065402
6.5e+07,172070496,17.9898978278599,18.963414811273
5e+07,30306268,17.7275335633924,17.2268651137725
1e+08,184031112,18.4206807439524,19.0306153882362
2500000,5274005,14.7318012898384,15.4783005939419
7.2e+07,75545647,18.0921766769803,18.1402476275512
5.2e+07,42438300,17.7667542765457,17.5635618143573
5.5e+07,100328194,17.8228437431967,18.4239573101418
13700000,56598476,16.4329063907984,17.8514926170159
5e+07,81022333,17.7275335633924,18.2102353906834
2e+07,32051917,16.8112428315183,17.2828675523347
9e+07,100012499,18.3153202282945,18.4208057261418
4e+06,4301000,15.2018049190842,15.2743581117659
2e+07,17468887,16.8112428315183,16.6759319708649
6.5e+07,100458310,17.9898978278599,18.4252533735287
6100000,2108367,15.6237993291435,14.5614242721617
2e+07,70433227,16.8112428315183,18.0701756842152
5e+07,67823573,17.7275335633924,18.0324203768482
5.5e+07,141579773,17.8228437431967,18.7683738829752
2.8e+07,38372662,17.1477150681395,17.4628558369342
5.8e+07,53458319,17.8759535685107,17.7944128241103
3.3e+07,17142080,17.3120181194308,16.6570468173301
3e+07,100125643,17.2167079396264,18.4219363853047
16500000,42993774,16.6188709388708,17.576565872477
4e+07,20350754,17.5043900120782,16.8286285207635
3.5e+07,60054449,17.3708586194537,17.9107621920057
2.5e+07,4064333,17.0343863828325,15.21776020386
6.2e+07,60022813,17.9426449430094,17.910235264589
2.2e+07,71516617,16.9065530113226,18.0854403862566
250000,2210408,12.4292161968444,14.6086876718392
2.2e+07,50621733,16.9065530113226,17.7398915479753
3.2e+07,18552460,17.281246460764,16.7361129527804
6e+06,23341568,15.6072700271923,16.9657463633716
3e+07,191780865,17.2167079396264,19.0718639500561
2.9e+07,57141459,17.1828063879507,17.8610404882176
1.75e+08,88246220,18.9802965318878,18.2956414199991
8e+05,4198137,13.5923670066501,15.2501514134181
1.2e+07,72217396,16.3004172077523,18.0951915166695
5e+07,42586861,17.7275335633924,17.5670563364361
27000,3073428,10.2035921449865,14.9383041089933
1.4e+07,13024170,16.4545678875795,16.3823174199648
1.6e+07,127175374,16.5880992802041,18.6610775894983
1.8e+07,5828466,16.7058823158604,15.5782644019202
5.5e+07,329694499,17.8228437431967,19.6136770230377
3e+07,66502573,17.2167079396264,18.0127511966069
1.5e+07,50003303,16.5235607590665,17.7275996212106
3e+07,51041856,17.2167079396264,17.748156559976
1e+07,126247,16.1180956509583,11.745995584479
6e+07,29136626,17.9098551201864,17.1875065661663
8e+06,107928762,15.8949520996441,18.4969819563383
3e+07,121248145,17.2167079396264,18.6133497886958
5.5e+07,71565669,17.8228437431967,18.0861260337018
3.5e+07,33423000,17.3708586194537,17.3247548437096
4.5e+07,92115211,17.6221730477346,18.3385506450261
4e+07,2816518,17.5043900120782,14.8510119282072
79300000,422780140,18.1887486866051,19.8623628382933
1.8e+07,119920129,16.7058823158604,18.6023364874752
2.2e+07,144833357,16.9065530113226,18.7910943774078
4e+07,31835600,17.5043900120782,17.2760957184364
2.5e+07,28241469,17.0343863828325,17.15630198765
4.5e+07,57362581,17.6221730477346,17.8649027497566
2.8e+07,44853581,17.1477150681395,17.6189139872059
1e+08,146282411,18.4206807439524,18.8010496331988
6.5e+07,84049211,17.9898978278599,18.2469130305054
1.4e+07,68856263,16.4545678875795,18.0475317448696
6900000,7950889,15.7470319695675,15.8887943042781
2.5e+07,10731997,17.0343863828325,16.1887402109898
14600000,70906973,16.4965320866786,18.0768793364548
2.8e+07,39360491,17.1477150681395,17.488273104664
6.3e+07,395708305,17.9586452843558,19.7961878942577
2.5e+07,219195051,17.0343863828325,19.2054725352285
3e+05,2528664,12.6115377536383,14.7432016579881
2.5e+07,96067179,17.0343863828325,18.3805582859494
4.2e+07,20844907,17.5531801762476,16.8526202077855
3.4e+07,32014993,17.3418710825804,17.2817148822875
4.4e+07,183875760,17.5997001918825,19.02977087012
2.4e+07,669276,16.9935643883122,13.4139518100863
1.5e+07,22954968,16.5235607590665,16.9490449416327
2.5e+07,56505065,17.0343863828325,17.8498408381164
3.3e+07,141340178,17.3120181194308,18.7666801526007
4e+07,107533925,17.5043900120782,18.493316937142
2.8e+07,217350219,17.1477150681395,19.19702052299
5.5e+07,54927174,17.8228437431967,17.8215187566988
1.1e+07,11502976,16.2134058307626,16.2581163424637
8e+07,162833635,18.1975371926382,18.9082395933873
7e+06,14231669,15.7614207070196,16.4709802506093
5.5e+07,58422650,17.8228437431967,17.8832142150728
7000,2040920,8.85366542803745,14.5289112445515
12500000,10725228,16.3412392022725,16.1881092812936
4.2e+07,19487173,17.5531801762476,16.7852670122202
2e+07,173585516,16.8112428315183,18.9721809235301
3.5e+07,48169910,17.3708586194537,17.6902451102218
1.1e+07,52929168,16.2134058307626,17.7844651248366
1200000,2832029,13.9978321147582,14.8565039738563
4e+06,62546695,15.2018049190842,17.9514239557514
1e+07,50752337,16.1180956509583,17.742468224087
1.2e+07,27281507,16.3004172077523,17.1217196313492
8e+06,21706101,15.8949520996441,16.8931039310686
2e+07,121697323,16.8112428315183,18.6170475610026
2e+07,218951625,16.8112428315183,19.2043613729699
2e+07,37537675,16.8112428315183,17.4408556532675
7e+07,119654823,18.0640058000136,18.6001216807415
6.5e+07,17218916,17.9898978278599,16.6615191049243
5e+07,165493908,17.7275335633924,18.9244449424362
23000,1227508,10.0432494949113,14.0204966559412
2.7e+07,74888996,17.1113474239686,18.1315175218064
2.5e+07,78656813,17.0343863828325,18.1806048080017
1e+08,204859496,18.4206807439524,19.1378349167529
3e+07,113502246,17.2167079396264,18.5473331832362
2.3e+07,86930411,16.9510047738934,18.2806184829861
2e+07,130726716,16.8112428315183,18.6886195647452
1.4e+07,34729091,16.4545678875795,17.3630882510406
4e+07,87666629,17.5043900120782,18.289051871816
1.3e+07,26904572,16.3804599154258,17.1078067929553
7e+06,4372561,15.7614207070196,15.2908594366066
7e+07,117323878,18.0640058000136,18.5804488564198
2e+07,53976987,16.8112428315183,17.8040683470271
2.6e+07,61308153,17.0736070959858,17.9314233936938
2.2e+07,217631306,16.9065530113226,19.1983129320831
2.5e+07,46743809,17.0343863828325,17.6601923771221
1.5e+07,285761243,16.5235607590665,19.470667205447
7e+06,5017971,15.7614207070196,15.4285362266969
3.5e+07,28317513,17.3708586194537,17.158991005137
1.4e+07,178406268,16.4545678875795,18.9995739120221
3e+07,120709866,17.2167079396264,18.6089004225781
1.25e+08,58877969,18.6438242952666,17.8909775379041
1e+07,16667084,16.1180956509583,16.6289463144108
4e+07,118450002,17.5043900120782,18.5900015054538
3.5e+07,251188924,17.3708586194537,19.3417158992295
1e+07,40485039,16.1180956509583,17.5164430564216
16400000,95860116,16.6127918927944,18.3784005617931
9e+06,10161099,16.0127351353005,16.1340771635561
4.8e+07,197171806,17.6867115688722,19.099586018309
4.2e+07,34667015,17.5531801762476,17.361299216464
1.1e+07,49793054,16.2134058307626,17.7233860543553
1e+07,30050028,16.1180956509583,17.2183741507254
1200000,24741667,13.9978321147582,17.0239993034185
3e+07,52210049,17.2167079396264,17.7707855439038
7e+07,54243125,18.0640058000136,17.8089868142436
1.8e+07,7190505,16.7058823158604,15.7882719636703
5e+06,6157157,15.4249484703984,15.6331257029998
7e+06,20257000,15.7614207070196,16.8240109707959
8e+06,19585,15.8949520996441,9.88251924609993
1.5e+07,73326666,16.5235607590665,18.1104348933334
1500000,11806119,14.2209756660724,16.2841285143525
9e+06,33244684,16.0127351353005,17.3194054325848
1.4e+07,34700000,16.4545678875795,17.3622502449171
2.8e+07,81350242,17.1477150681395,18.2142743664251
3e+07,38413606,17.2167079396264,17.4639222777171
1.6e+07,13854000,16.5880992802041,16.4440845575647
6e+06,12793213,15.6072700271923,16.3644253538909
9500000,14114000,16.0668023565708,16.4626777705429
2.5e+07,172825435,17.0343863828325,18.9677925967894
3.2e+07,60328558,17.281246460764,17.9153161482583
12300000,48092846,16.3251098203426,17.6886439922056
7e+06,8373585,15.7614207070196,15.940592666177
4e+06,1.3e+07,15.2018049190842,16.3804599154258
1.5e+07,111936388,16.5235607590665,18.5334413036208
7e+07,154112492,18.0640058000136,18.8531933612488
1.3e+07,44726644,16.3804599154258,17.6160799446488
2e+07,153665036,16.8112428315183,18.8502857005228
3500000,5923044,15.0682735264596,15.5943610638994
1.4e+07,156645693,16.4545678875795,18.8694970805702
1.3e+07,123922370,16.3804599154258,18.6351658791321
1e+06,14564000,13.8155105579643,16.4940632882775
1.5e+07,65192350,16.5235607590665,17.9928526887247
1.8e+07,59735548,16.7058823158604,17.9054378450426
1.6e+07,14792779,16.5880992802041,16.5096497142644
1.2e+08,54764805,18.6030023007463,17.8185583010653
22700000,38119483,16.9378754824516,17.4562360742239
1.7e+07,11227824,16.6487239020205,16.2339055412431
2.5e+07,43984000,17.0343863828325,17.5993364893872
8500000,32222567,15.9555767214605,17.2881776035513
1.5e+07,30857000,16.5235607590665,17.2448741869528
1.7e+07,85160248,16.6487239020205,18.2600453101506
5e+06,174803506,15.4249484703984,18.9791730781928
1.6e+07,5900000,16.5880992802041,15.5904629088759
3e+07,16295774,17.2167079396264,16.6064163683586
3e+07,38747385,17.2167079396264,17.4725738276155
1.8e+07,41382841,16.7058823158604,17.5383768842807
6e+06,137963328,15.6072700271923,18.7424984686761
8e+06,52287414,15.8949520996441,17.7722662499787
1.5e+07,1953732,16.5235607590665,14.4852519476236
1.5e+07,179800601,16.5235607590665,19.0073590225991
1.9e+07,210609762,16.7599495371307,19.1655175098662
1.5e+07,9929135,16.5235607590665,16.1109839224587
1e+07,35073978,16.1180956509583,17.3729700459659
2e+07,18400000,16.8112428315183,16.7278612225792
2.5e+07,15502112,17.0343863828325,16.5564868306717
17900000,6905861,16.700311270811,15.7478810293041
2.7e+07,10618813,17.1113474239686,16.1781377972865
1.5e+07,93589701,16.5235607590665,18.3544309033426
3.5e+07,63075011,17.3708586194537,17.9598352268869
1.8e+07,51973029,16.7058823158604,17.7662354689114
1.5e+07,234760478,16.5235607590665,19.2740763097743
1e+07,8801940,16.1180956509583,15.9904827096974
1.8e+07,26400000,16.7058823158604,17.0888745681165
4.5e+07,27447471,17.6221730477346,17.1277845905279
2600000,32980880,14.7710220029917,17.3114385575778
3e+07,238632124,17.2167079396264,19.2904336939386
1.1e+07,148168459,16.2134058307626,18.8138604209149
2.8e+07,179880271,17.1477150681395,19.0078020264256
4500000,81198894,15.3195879547405,18.2124121843495
1500000,2300000,14.2209756660724,14.6484196808994
8e+06,62599495,15.8949520996441,17.9522677689451
1.8e+07,76471046,16.7058823158604,18.1524227434936
4e+07,176591618,17.5043900120782,18.9893503818141
6400000,38019031,15.6718085483299,17.4535974081138
7e+06,90463574,15.7614207070196,18.3204578304088
32500000,309205079,17.2967506473,19.549515300804
3.9e+07,59950623,17.4790722040939,17.9090318313771
5952000,2120439,15.5992378554951,14.5671337006827
1.2e+07,74433837,16.3004172077523,18.125421194801
2.8e+07,32656328,17.1477150681395,17.3015492080774
12500000,7e+06,16.3412392022725,15.7614207070196
2e+07,38264085,16.8112428315183,17.460022285749
5e+06,12592907,15.4249484703984,16.3486442769055
10500000,435110554,16.1668858151278,19.8911107038895
4500000,27092880,15.3195879547405,17.1147815207029
1.4e+07,47212904,16.4545678875795,17.6701778030221
2250000,36690067,14.6264407741806,17.4180166224405
10700000,74706019,16.1857542994321,18.1290712224929
4e+06,109492484,15.2018049190842,18.5113664655956
1.2e+07,79912963,16.3004172077523,18.1964486378773
20500000,69701637,16.8359354441086,18.0597343618251
1.5e+07,177200000,16.5235607590665,18.9927895961353
1.7e+07,26918576,16.6487239020205,17.1083271638677
1.2e+07,11487676,16.3004172077523,16.2567853665298
6e+06,25244700,15.6072700271923,17.0441267906632
1250000,21722776,14.0386541092785,16.8938718533347
2500000,25533818,14.7318012898384,17.0555143275858
9300000,19571091,16.0455249581235,16.7895640864132
1.1e+07,31672000,16.2134058307626,17.2709435677681
2e+07,248159971,16.8112428315183,19.3295841405324
375000,2400000,12.8346813049525,14.6909792953182
1.2e+07,37400000,16.3004172077523,17.4371812623848
3500000,83453539,15.0682735264596,18.2398006158008
2e+07,2e+06,16.8112428315183,14.5086577385242
1.8e+07,22455510,16.7058823158604,16.9270465763369
3.5e+07,27107960,17.3708586194537,17.1153379696579
1.7e+07,65002019,16.6487239020205,17.989928888916
4.4e+07,3484331,17.5997001918825,15.0637866181823
1.5e+07,69847348,16.5235607590665,18.0618226758742
1.8e+07,23380203,16.7058823158604,16.9674001966052
5100000,9709597,15.4447510976946,16.0886253358017
2.3e+07,290271960,16.9510047738934,19.486328834595
5.4e+07,108185706,17.8044946045285,18.4993598084409
2.7e+07,57229890,17.1113474239686,17.8625868723146
1.8e+07,29511112,16.7058823158604,17.2002774283508
1.9e+07,44017374,16.7599495371307,17.6000949775808
9e+06,80930630,16.0127351353005,18.2091029259467
31500000,78800000,17.2654981037959,18.1824235548281
3.1e+07,70300000,17.2494977624494,18.0682823567809
3.5e+07,82258456,17.3708586194537,18.225376750836
18500000,65233369,16.7332812900486,17.9934816904533
3e+06,141600000,14.9141228466324,18.7685167392239
2.8e+07,58990765,17.1477150681395,17.8928914641949
3e+06,3446749,14.9141228466324,15.0529420259055
6e+06,181813770,15.6072700271923,19.0184934794136
1.5e+07,58269151,16.5235607590665,17.8805833689084
1750000,93051,14.3751263458997,11.4409030089229
5.5e+07,134218018,17.8228437431967,18.7149760357846
1.5e+07,5e+07,16.5235607590665,17.7275335633924
2.6e+07,50800000,17.0736070959858,17.7434069125487
4e+06,38251425,15.2018049190842,17.4596913724448
2e+07,1.66e+08,16.8112428315183,18.9274983463208
1e+05,7e+06,11.5129254649702,15.7614207070196
3400000,31063038,15.0392859895864,17.2515291815907
6e+06,65108,15.6072700271923,11.0838027085114
1.1e+07,460998007,16.2134058307626,19.9489042777412
3e+07,20040895,17.2167079396264,16.8132854938623
3e+06,13200000,14.9141228466324,16.3957273875566
7e+06,2.5e+07,15.7614207070196,17.0343863828325
3800000,23689877,15.1505116246966,16.9805583840573
1e+06,117235147,13.8155105579643,18.5796922792279
4400000,36145695,15.2971150988885,17.4030684123407
1e+07,24397469,16.1180956509583,17.009989955375
1e+06,28262574,13.8155105579643,17.1570490138754
1.1e+07,2e+07,16.2134058307626,16.8112428315183
1.2e+07,2.6e+08,16.3004172077523,19.3761921889798
4e+05,3427696,12.8992198260901,15.0473988733205
4400000,108981275,15.2971150988885,18.5066866364452
1200000,139876417,13.9978321147582,18.7562698550187
9e+06,16235738,16.0127351353005,16.6027254198312
2600000,119500000,14.7710220029917,18.5988269293358
1600000,4420000,14.28551418721,15.3016502540539
1.3e+07,57300000,16.3804599154258,17.863811181685
140000,26572439,11.8493977015914,17.0953851087809
140000,26572439,11.8493977015914,17.0953851087809
2800000,86300000,14.8451299751454,18.2733401560537
777000,1.15e+08,13.5631956293498,18.5604426863275
15700000,15700000,16.5691712703185,16.5691712703185
2e+06,18344729,14.5086577385242,16.7248528432449
1.2e+07,204868002,16.3004172077523,19.1378764370318
5500000,159616327,15.5202586502027,18.8882835372465
12000,413802,9.39266192877014,12.9331428775347
7e+06,134966411,15.7614207070196,18.7205364980376
2500000,12300000,14.7318012898384,16.3251098203426
53012938,70327868,17.7860465549332,18.0686786935918
2.5e+07,10324441,17.0343863828325,16.1500245549099
2200000,41158757,14.6039679183285,17.5329472692516
3e+06,4e+06,14.9141228466324,15.2018049190842
1e+06,9e+06,13.8155105579643,16.0127351353005
